#
# A fatal error has been detected by the Java Runtime Environment:
#
#  EXCEPTION_ACCESS_VIOLATION (0xc0000005) at pc=0x00007ffbbba86f2a, pid=22524, tid=3512
#
# JRE version: OpenJDK Runtime Environment Corretto-17.0.13.11.1 (17.0.13+11) (build 17.0.13+11-LTS)
# Java VM: OpenJDK 64-Bit Server VM Corretto-17.0.13.11.1 (17.0.13+11-LTS, mixed mode, sharing, tiered, compressed oops, compressed class ptrs, g1 gc, windows-amd64)
# Problematic frame:
# V  [jvm.dll+0x1f6f2a]
#
# No core dump will be written. Minidumps are not enabled by default on client versions of Windows
#
# If you would like to submit a bug report, please visit:
#   https://github.com/corretto/corretto-17/issues/
#

---------------  S U M M A R Y ------------

Command Line: --add-opens=java.base/java.lang=ALL-UNNAMED --add-opens=java.base/java.lang.invoke=ALL-UNNAMED --add-opens=java.base/java.util=ALL-UNNAMED --add-opens=java.prefs/java.util.prefs=ALL-UNNAMED --add-exports=jdk.compiler/com.sun.tools.javac.api=ALL-UNNAMED --add-exports=jdk.compiler/com.sun.tools.javac.util=ALL-UNNAMED --add-opens=java.base/java.util=ALL-UNNAMED --add-opens=java.prefs/java.util.prefs=ALL-UNNAMED --add-opens=java.base/java.nio.charset=ALL-UNNAMED --add-opens=java.base/java.net=ALL-UNNAMED --add-opens=java.base/java.util.concurrent.atomic=ALL-UNNAMED --add-opens=java.xml/javax.xml.namespace=ALL-UNNAMED -XX:MaxMetaspaceSize=384m -XX:+HeapDumpOnOutOfMemoryError -Xms256m -Xmx512m -Dfile.encoding=UTF-8 -Duser.country=KR -Duser.language=ko -Duser.variant -javaagent:C:\Users\sh163\.gradle\wrapper\dists\gradle-8.12.1-bin\eumc4uhoysa37zql93vfjkxy0\gradle-8.12.1\lib\agents\gradle-instrumentation-agent-8.12.1.jar org.gradle.launcher.daemon.bootstrap.GradleDaemon 8.12.1

Host: AMD Ryzen 9 7900X 12-Core Processor            , 24 cores, 31G,  Windows 11 , 64 bit Build 26100 (10.0.26100.3912)
Time: Thu Jun  5 12:52:53 2025  Windows 11 , 64 bit Build 26100 (10.0.26100.3912) elapsed time: 10240.201928 seconds (0d 2h 50m 40s)

---------------  T H R E A D  ---------------

Current thread (0x0000012ec09e4aa0):  ConcurrentGCThread "G1 Conc#0" [stack: 0x00000003de100000,0x00000003de200000] [id=3512]

Stack: [0x00000003de100000,0x00000003de200000],  sp=0x00000003de1ff9e0,  free space=1022k
Native frames: (J=compiled Java code, j=interpreted, Vv=VM code, C=native code)
V  [jvm.dll+0x1f6f2a]
V  [jvm.dll+0x2d77f1]
V  [jvm.dll+0x2d71d1]
V  [jvm.dll+0x2eca5e]
V  [jvm.dll+0x2e9361]
V  [jvm.dll+0x2eacbc]
V  [jvm.dll+0x2e9c94]
V  [jvm.dll+0x2ed666]
V  [jvm.dll+0x86630b]
V  [jvm.dll+0x866356]
V  [jvm.dll+0x7e7b2c]
V  [jvm.dll+0x67fae7]
C  [ucrtbase.dll+0x37b0]
C  [KERNEL32.DLL+0x2e8d7]
C  [ntdll.dll+0x9c5dc]


siginfo: EXCEPTION_ACCESS_VIOLATION (0xc0000005), reading address 0xffffffffffffffff


Registers:
RAX=0x0000012ede9a9f90, RBX=0x09ee8e2e00103d4d, RCX=0x09ee8e2e00103d4d, RDX=0x00000003de1ffb60
RSP=0x00000003de1ff9e0, RBP=0x00000003de1ffb60, RSI=0x00000000e662fe00, RDI=0x00000000e662fe6c
R8 =0x0000000000000003, R9 =0x0000000000000000, R10=0x0000000000000066, R11=0x0000000000000003
R12=0x0000000000000000, R13=0xaaaaaaaaaaaaaaab, R14=0x00000000e662fe00, R15=0x00000003de1ffb20
RIP=0x00007ffbbba86f2a, EFLAGS=0x0000000000010206


Register to memory mapping:

RIP=0x00007ffbbba86f2a jvm.dll
RAX=0x0000012ede9a9f90 is pointing into metadata
RBX=0x09ee8e2e00103d4d is an unknown value
RCX=0x09ee8e2e00103d4d is an unknown value
RDX=0x00000003de1ffb60 points into unknown readable memory: 0x00007ffbbc1e9c38 | 38 9c 1e bc fb 7f 00 00
RSP=0x00000003de1ff9e0 points into unknown readable memory: 0x00000000e662fe6c | 6c fe 62 e6 00 00 00 00
RBP=0x00000003de1ffb60 points into unknown readable memory: 0x00007ffbbc1e9c38 | 38 9c 1e bc fb 7f 00 00
RSI=0x00000000e662fe00 is an oop: java.lang.Class 
{0x00000000e662fe00} - klass: 'java/lang/Class'
 - ---- fields (total size 15 words):
 - private volatile transient 'classRedefinedCount' 'I' @12  0
 - private volatile transient 'cachedConstructor' 'Ljava/lang/reflect/Constructor;' @40  NULL (0)
 - private transient 'name' 'Ljava/lang/String;' @44  "io.spring.gradle.dependencymanagement.org.codehaus.plexus.interpolation.RegexBasedInterpolator"{0x00000000e6631d60} (e6631d60)
 - private transient 'module' 'Ljava/lang/Module;' @48  a 'java/lang/Module'{0x00000000e3324eb8} (e3324eb8)
 - private final 'classLoader' 'Ljava/lang/ClassLoader;' @52  a 'org/gradle/internal/classloader/VisitableURLClassLoader$InstrumentingVisitableURLClassLoader'{0x00000000e3324e00} (e3324e00)
 - private transient 'classData' 'Ljava/lang/Object;' @56  NULL (0)
 - private transient 'packageName' 'Ljava/lang/String;' @60  "io.spring.gradle.dependencymanagement.org.codehaus.plexus.interpolation"{0x00000000e4a36888} (e4a36888)
 - private final 'componentType' 'Ljava/lang/Class;' @64  NULL (0)
 - private volatile transient 'reflectionData' 'Ljava/lang/ref/SoftReference;' @68  NULL (0)
 - private volatile transient 'genericInfo' 'Lsun/reflect/generics/repository/ClassRepository;' @72  NULL (0)
 - private volatile transient 'enumConstants' '[Ljava/lang/Object;' @76  NULL (0)
 - private volatile transient 'enumConstantDirectory' 'Ljava/util/Map;' @80  NULL (0)
 - private volatile transient 'annotationData' 'Ljava/lang/Class$AnnotationData;' @84  NULL (0)
 - private volatile transient 'annotationType' 'Lsun/reflect/annotation/AnnotationType;' @88  NULL (0)
 - transient 'classValueMap' 'Ljava/lang/ClassValue$ClassValueMap;' @92  NULL (0)
 - signature: Lio/spring/gradle/dependencymanagement/org/codehaus/plexus/interpolation/RegexBasedInterpolator;
 - fake entry for mirror: 'io/spring/gradle/dependencymanagement/org/codehaus/plexus/interpolation/RegexBasedInterpolator'
 - fake entry for array: NULL
 - fake entry for oop_size: 15
 - fake entry for static_oop_field_count: 1

[error occurred during error reporting (printing register info), id 0xc0000005, EXCEPTION_ACCESS_VIOLATION (0xc0000005) at pc=0x00007ffbbbc01cc0]

Top of Stack: (sp=0x00000003de1ff9e0)
0x00000003de1ff9e0:   00000000e662fe6c 00007ffbbbb677f1
0x00000003de1ff9f0:   00000000e662fe60 00007ffbbbb67bad
0x00000003de1ffa00:   00000000e662fdfc 00007ffbbbb671d1
0x00000003de1ffa10:   0000000000000001 0000012edd001728
0x00000003de1ffa20:   00000003de1ffb60 00007ffbbbb671d1
0x00000003de1ffa30:   00000000e662fe00 00000003de1ffb20
0x00000003de1ffa40:   000000000000000f 0000000000000040
0x00000003de1ffa50:   0000012ec09fd480 00007ffbbbb7ca5e
0x00000003de1ffa60:   00000000e662fe00 0000012ec09dcb00
0x00000003de1ffa70:   00000003de1ffb20 0000012ec09dcb00
0x00000003de1ffa80:   00000000e662fe00 00007ffbbbb79361
0x00000003de1ffa90:   0000000000cc5fc0 0000000000000000
0x00000003de1ffaa0:   00000000e4ab7de0 00007ffbbbb7a8c4
0x00000003de1ffab0:   0000000000ce0000 00007ffbbbb7acbc
0x00000003de1ffac0:   00000000e662fde0 0000000000cc5fc0
0x00000003de1ffad0:   0000000000aba950 0000000000000000
0x00000003de1ffae0:   0000000000000004 0000000000000001
0x00000003de1ffaf0:   0000012ec09fd480 00007ffbbbb79c94
0x00000003de1ffb00:   0000000000000555 0000000000000000
0x00000003de1ffb10:   00000003de0ff601 0000000000000000
0x00000003de1ffb20:   0000012ec09dcab0 0000012ec09fd480
0x00000003de1ffb30:   00000000e6600000 0000000000020000
0x00000003de1ffb40:   00000000e6600000 0000000000020000
0x00000003de1ffb50:   0000000000000000 0000000000a946f6
0x00000003de1ffb60:   00007ffbbc1e9c38 0000012ec0a17e40
0x00000003de1ffb70:   0000012e00000003 0000012ec09bb6f0
0x00000003de1ffb80:   0000012ec09fd480 00007ffbbbee1013
0x00000003de1ffb90:   c215b08487fb8f5c 0000000000000000
0x00000003de1ffba0:   0000000000000000 0000000000000000
0x00000003de1ffbb0:   0000000000000004 0000012ec09e6950
0x00000003de1ffbc0:   00000000000003d8 0000012ec09e6d28
0x00000003de1ffbd0:   0000012ec09dbd10 00000003de0ff6f0 

Instructions: (pc=0x00007ffbbba86f2a)
0x00007ffbbba86e2a:   48 8b 5c 24 30 48 83 c4 20 5f c3 cc cc cc cc cc
0x00007ffbbba86e3a:   cc cc cc cc cc cc 4c 8b 01 4c 8b c9 48 8b 0d 83
0x00007ffbbba86e4a:   5d 98 00 ba 44 10 09 00 e9 99 4d e1 ff cc cc cc
0x00007ffbbba86e5a:   cc cc cc cc cc cc 4c 8b 01 4c 8b c9 48 8b 0d 63
0x00007ffbbba86e6a:   5d 98 00 ba 64 10 09 00 e9 79 4d e1 ff cc cc cc
0x00007ffbbba86e7a:   cc cc cc cc cc cc 48 89 74 24 20 41 56 48 83 ec
0x00007ffbbba86e8a:   20 48 8b 31 4c 8b f2 48 85 f6 74 73 44 8b 8e 00
0x00007ffbbba86e9a:   01 00 00 4c 8b c6 e8 db 00 00 00 48 8b b6 08 01
0x00007ffbbba86eaa:   00 00 48 85 f6 74 58 48 89 5c 24 30 48 89 6c 24
0x00007ffbbba86eba:   38 48 89 7c 24 40 8b ae 00 01 00 00 33 db 85 ed
0x00007ffbbba86eca:   74 22 48 8b fe 90 48 83 3f 00 74 0e 4d 8b 06 48
0x00007ffbbba86eda:   8d 14 de 49 8b ce 41 ff 50 08 ff c3 48 83 c7 08
0x00007ffbbba86eea:   3b dd 72 e2 48 8b b6 08 01 00 00 48 85 f6 75 c6
0x00007ffbbba86efa:   48 8b 7c 24 40 48 8b 6c 24 38 48 8b 5c 24 30 48
0x00007ffbbba86f0a:   8b 74 24 48 48 83 c4 20 41 5e c3 cc cc cc cc cc
0x00007ffbbba86f1a:   cc cc cc cc cc cc 40 53 48 8b d9 45 85 c0 74 37
0x00007ffbbba86f2a:   44 8b 59 28 45 8b d3 45 23 d0 45 3b d0 74 3b 0f
0x00007ffbbba86f3a:   1f 80 00 00 00 00 41 8b cb 41 8b c3 41 0b c8 f0
0x00007ffbbba86f4a:   0f b1 4b 28 74 11 44 8b 5b 28 41 8b c3 41 23 c0
0x00007ffbbba86f5a:   41 3b c0 75 e1 5b c3 45 84 c9 74 04 c6 43 22 00
0x00007ffbbba86f6a:   48 8d 4b 30 5b e9 0c ff ff ff 5b c3 cc cc cc cc
0x00007ffbbba86f7a:   cc cc cc cc cc cc 45 85 c9 74 63 48 89 5c 24 10
0x00007ffbbba86f8a:   48 89 74 24 18 4c 89 74 24 20 41 57 48 83 ec 20
0x00007ffbbba86f9a:   48 89 7c 24 30 41 8b f1 49 8b f8 4d 8b f8 4c 8b
0x00007ffbbba86faa:   f2 33 db 0f 1f 00 48 83 3f 00 74 0e 4d 8b 06 49
0x00007ffbbba86fba:   8d 14 df 49 8b ce 41 ff 50 08 ff c3 48 83 c7 08
0x00007ffbbba86fca:   3b de 72 e2 48 8b 7c 24 30 48 8b 5c 24 38 48 8b
0x00007ffbbba86fda:   74 24 40 4c 8b 74 24 48 48 83 c4 20 41 5f c3 cc
0x00007ffbbba86fea:   cc cc cc cc cc cc 48 89 6c 24 18 57 48 83 ec 20
0x00007ffbbba86ffa:   48 8b 41 40 48 8b fa 48 8b e9 48 85 c0 74 4c 48
0x00007ffbbba8700a:   8b 41 40 48 89 74 24 38 33 f6 39 30 7e 38 48 89
0x00007ffbbba8701a:   5c 24 30 0f 1f 00 48 8b 4d 40 8b d6 e8 75 a4 ff 


Stack slot to memory mapping:
stack at sp + 0 slots: 0x00000000e662fe6c is pointing into object: java.lang.Class 
{0x00000000e662fe00} - klass: 'java/lang/Class'
 - ---- fields (total size 15 words):
 - private volatile transient 'classRedefinedCount' 'I' @12  0
 - private volatile transient 'cachedConstructor' 'Ljava/lang/reflect/Constructor;' @40  NULL (0)
 - private transient 'name' 'Ljava/lang/String;' @44  "io.spring.gradle.dependencymanagement.org.codehaus.plexus.interpolation.RegexBasedInterpolator"{0x00000000e6631d60} (e6631d60)
 - private transient 'module' 'Ljava/lang/Module;' @48  a 'java/lang/Module'{0x00000000e3324eb8} (e3324eb8)
 - private final 'classLoader' 'Ljava/lang/ClassLoader;' @52  a 'org/gradle/internal/classloader/VisitableURLClassLoader$InstrumentingVisitableURLClassLoader'{0x00000000e3324e00} (e3324e00)
 - private transient 'classData' 'Ljava/lang/Object;' @56  NULL (0)
 - private transient 'packageName' 'Ljava/lang/String;' @60  "io.spring.gradle.dependencymanagement.org.codehaus.plexus.interpolation"{0x00000000e4a36888} (e4a36888)
 - private final 'componentType' 'Ljava/lang/Class;' @64  NULL (0)
 - private volatile transient 'reflectionData' 'Ljava/lang/ref/SoftReference;' @68  NULL (0)
 - private volatile transient 'genericInfo' 'Lsun/reflect/generics/repository/ClassRepository;' @72  NULL (0)
 - private volatile transient 'enumConstants' '[Ljava/lang/Object;' @76  NULL (0)
 - private volatile transient 'enumConstantDirectory' 'Ljava/util/Map;' @80  NULL (0)
 - private volatile transient 'annotationData' 'Ljava/lang/Class$AnnotationData;' @84  NULL (0)
 - private volatile transient 'annotationType' 'Lsun/reflect/annotation/AnnotationType;' @88  NULL (0)
 - transient 'classValueMap' 'Ljava/lang/ClassValue$ClassValueMap;' @92  NULL (0)
 - signature: Lio/spring/gradle/dependencymanagement/org/codehaus/plexus/interpolation/RegexBasedInterpolator;
 - fake entry for mirror: 'io/spring/gradle/dependencymanagement/org/codehaus/plexus/interpolation/RegexBasedInterpolator'
 - fake entry for array: NULL
 - fake entry for oop_size: 15
 - fake entry for static_oop_field_count: 1

[error occurred during error reporting (inspecting top of stack), id 0xc0000005, EXCEPTION_ACCESS_VIOLATION (0xc0000005) at pc=0x00007ffbbbc01cc0]


---------------  P R O C E S S  ---------------

Threads class SMR info:
_java_thread_list=0x0000012ef819ec40, length=304, elements={
0x0000012ec09a9f70, 0x0000012edc88e9f0, 0x0000012edc8904e0, 0x0000012edc8a0da0,
0x0000012edc8a3290, 0x0000012edc8a3770, 0x0000012edc8a7c60, 0x0000012edc8a9480,
0x0000012edc8ab9b0, 0x0000012edc8ac4e0, 0x0000012edca80810, 0x0000012edcccb470,
0x0000012ef7a661d0, 0x0000012ef7307090, 0x0000012ef6d0e020, 0x0000012ef6da34b0,
0x0000012ef6da39c0, 0x0000012ef6da3ed0, 0x0000012ef9cad770, 0x0000012ef9cb0500,
0x0000012ef9cb0a10, 0x0000012ef9cae6a0, 0x0000012ef9cb0f20, 0x0000012ef9cafae0,
0x0000012ef6da2070, 0x0000012ef6da2fa0, 0x0000012efdd26a30, 0x0000012efdd26f40,
0x0000012efa4f6e10, 0x0000012efa4f63f0, 0x0000012efe4c1bd0, 0x0000012efc852340,
0x0000012efc855af0, 0x0000012efc852850, 0x0000012efc852d60, 0x0000012efd662910,
0x0000012efcb6d0d0, 0x0000012efcb6fe60, 0x0000012efcb70370, 0x0000012ef8f92790,
0x0000012ef8f90e40, 0x0000012efd2d9520, 0x0000012efa097f00, 0x0000012efa098410,
0x0000012efa096fd0, 0x0000012efa2c8320, 0x0000012efa2c7900, 0x0000012efa2c8830,
0x0000012efa2c7e10, 0x0000012efa2c8d40, 0x0000012ef63c3470, 0x0000012ef63c2a50,
0x0000012ef63c0bf0, 0x0000012ef63c2030, 0x0000012ef63c2f60, 0x0000012ef63c3980,
0x0000012ef63c1100, 0x0000012ef63c1610, 0x0000012ef63c1b20, 0x0000012ef63c43a0,
0x0000012ef63c3e90, 0x0000012efdc08530, 0x0000012efdc066d0, 0x0000012efdc070f0,
0x0000012efdc07600, 0x0000012efdc07b10, 0x0000012efdc08020, 0x0000012efdc04d80,
0x0000012efdc057a0, 0x0000012e80753340, 0x0000012e807514e0, 0x0000012e807519f0,
0x0000012e80753850, 0x0000012e807500a0, 0x0000012e807505b0, 0x0000012e80752920,
0x0000012e80751f00, 0x0000012e80752410, 0x0000012e80752e30, 0x0000012e80750fd0,
0x0000012e80750ac0, 0x0000012efdc8e180, 0x0000012efdc8a9d0, 0x0000012ef63c2540,
0x0000012efb90e040, 0x0000012efb90fea0, 0x0000012efb90db30, 0x0000012efb90d110,
0x0000012efb9103b0, 0x0000012efb90d620, 0x0000012efb90e550, 0x0000012efb90cc00,
0x0000012efb90ea60, 0x0000012ef6302220, 0x0000012efb90ef70, 0x0000012efecd1680,
0x0000012efecd1b90, 0x0000012efc853270, 0x0000012efb90f480, 0x0000012e85b06f80,
0x0000012ef81d5f80, 0x0000012ef9202350, 0x0000012efb90f990, 0x0000012efa331680,
0x0000012efa332ac0, 0x0000012efa331b90, 0x0000012efa3325b0, 0x0000012efa32fd30,
0x0000012efa330240, 0x0000012efa330750, 0x0000012efa3334e0, 0x0000012efa331170,
0x0000012efa330c60, 0x0000012efa3320a0, 0x0000012efa332fd0, 0x0000012efa35d8f0,
0x0000012efa35de00, 0x0000012efa35e820, 0x0000012efa35c9c0, 0x0000012efa35ced0,
0x0000012efa35d3e0, 0x0000012efa35c4b0, 0x0000012efa35e310, 0x0000012efa35ed30,
0x0000012efa35f240, 0x0000012efa35f750, 0x0000012efa35fc60, 0x0000012ef91f85b0,
0x0000012ef91f7680, 0x0000012ef91f8ac0, 0x0000012ef91f8fd0, 0x0000012ef91fa410,
0x0000012ef91f94e0, 0x0000012ef91f99f0, 0x0000012ef91f9f00, 0x0000012ef91f7b90,
0x0000012ef91f6c60, 0x0000012ef91f7170, 0x0000012ef91f80a0, 0x0000012e8054c360,
0x0000012e8054c870, 0x0000012e8054cd80, 0x0000012e8054d290, 0x0000012e8054fb10,
0x0000012e8054d7a0, 0x0000012e8054dcb0, 0x0000012e8054f600, 0x0000012e8054e1c0,
0x0000012e8054e6d0, 0x0000012e8054ebe0, 0x0000012e8054f0f0, 0x0000012efbe9eac0,
0x0000012efbe9e0a0, 0x0000012efbe9db90, 0x0000012efbe9d170, 0x0000012efbe9e5b0,
0x0000012efcc9b8c0, 0x0000012efcc9b3b0, 0x0000012efcc9c2e0, 0x0000012efcc9aea0,
0x0000012efcc9c7f0, 0x0000012efcc9bdd0, 0x0000012efbe9d680, 0x0000012efbf3ff60,
0x0000012efbf40470, 0x0000012efbf3fa50, 0x0000012efbf40980, 0x0000012efbf3f030,
0x0000012efbf3f540, 0x0000012efb950ab0, 0x0000012efb9514d0, 0x0000012efb950fc0,
0x0000012efb950090, 0x0000012efb94fb80, 0x0000012efb9505a0, 0x0000012ef8fe0480,
0x0000012ef8fe0990, 0x0000012ef8fe0ea0, 0x0000012ef8fe13b0, 0x0000012ef8fe18c0,
0x0000012ef8fdff70, 0x0000012efdb7bbf0, 0x0000012efdb78950, 0x0000012efdb78e60,
0x0000012efdb7b6e0, 0x0000012efdb7a7b0, 0x0000012efdb7acc0, 0x0000012efdb7b1d0,
0x0000012efdb78440, 0x0000012efdb7c100, 0x0000012efdb7a2a0, 0x0000012efdb79d90,
0x0000012efdb7c610, 0x0000012efdb7cb20, 0x0000012efdb79370, 0x0000012efdb7d030,
0x0000012efdb79880, 0x0000012efdb7f3a0, 0x0000012efdb7fdc0, 0x0000012efdb7da50,
0x0000012efdb7d540, 0x0000012efdb7df60, 0x0000012efdb7e980, 0x0000012efdb7e470,
0x0000012efdb7f8b0, 0x0000012efdb7ee90, 0x0000012ef7cd5fe0, 0x0000012ef7cd64f0,
0x0000012ef7cd8860, 0x0000012ef7cd6a00, 0x0000012ef7cd7420, 0x0000012ef7cd7e40,
0x0000012ef7cd5ad0, 0x0000012ef7cd8350, 0x0000012ef7cd6f10, 0x0000012ef7cd50b0,
0x0000012ef7cd55c0, 0x0000012ef7cd7930, 0x0000012ef7cd9790, 0x0000012ef7cda6c0,
0x0000012ef7cdb5f0, 0x0000012ef7cdc010, 0x0000012ef7cd9ca0, 0x0000012ef7cdb0e0,
0x0000012ef7cdabd0, 0x0000012ef7cdbb00, 0x0000012ef7cdc520, 0x0000012ef7cd8d70,
0x0000012ef7cdca30, 0x0000012ef7cda1b0, 0x0000012ef7cd9280, 0x0000012efa17a950,
0x0000012efa17a440, 0x0000012efa17c7b0, 0x0000012efa179000, 0x0000012efa17bd90,
0x0000012efa17b880, 0x0000012efa17b370, 0x0000012efa179f30, 0x0000012efa17c2a0,
0x0000012efa17ccc0, 0x0000012efa179a20, 0x0000012efa17ae60, 0x0000012efa179510,
0x0000012efa17fa50, 0x0000012efa180980, 0x0000012efa180470, 0x0000012efa17ff60,
0x0000012efa17d1d0, 0x0000012efa17f030, 0x0000012efa17f540, 0x0000012efa17d6e0,
0x0000012efa17e610, 0x0000012efa17dbf0, 0x0000012efd2d9a30, 0x0000012efa3728d0,
0x0000012efa371eb0, 0x0000012efd72e370, 0x0000012efd72d950, 0x0000012efd72c510,
0x0000012efd72ca20, 0x0000012efd72f2a0, 0x0000012efd72e880, 0x0000012efd72ed90,
0x0000012efd72c000, 0x0000012efd72baf0, 0x0000012efd72cf30, 0x0000012efd72de60,
0x0000012efa387ea0, 0x0000012efa3888c0, 0x0000012efa386550, 0x0000012efa387990,
0x0000012efa3897f0, 0x0000012efa388dd0, 0x0000012efa386040, 0x0000012efa389d00,
0x0000012efa38a210, 0x0000012efa387480, 0x0000012efa386a60, 0x0000012efd16cc20,
0x0000012efa38a720, 0x0000012efd16bcf0, 0x0000012efd16b7e0, 0x0000012efd16c200,
0x0000012efd16b2d0, 0x0000012efd16c710, 0x0000012e862c2bc0, 0x0000012e862c35e0,
0x0000012e862c30d0, 0x0000012e862c4510, 0x0000012e862c3af0, 0x0000012e862c4000,
0x0000012edcaf2760, 0x0000012edcaf4fe0, 0x0000012edcaf40b0, 0x0000012edcaf5a00,
0x0000012edcaf45c0, 0x0000012edcaf2c70, 0x0000012edcaf4ad0, 0x0000012edcaf54f0,
0x0000012edcaf5f10, 0x0000012edcaf3ba0, 0x0000012edcaf3180, 0x0000012edcaf3690
}

Java Threads: ( => current thread )
  0x0000012ec09a9f70 JavaThread "main" [_thread_blocked, id=31676, stack(0x00000003dde00000,0x00000003ddf00000)]
  0x0000012edc88e9f0 JavaThread "Reference Handler" daemon [_thread_blocked, id=2164, stack(0x00000003de500000,0x00000003de600000)]
  0x0000012edc8904e0 JavaThread "Finalizer" daemon [_thread_blocked, id=2740, stack(0x00000003de600000,0x00000003de700000)]
  0x0000012edc8a0da0 JavaThread "Signal Dispatcher" daemon [_thread_blocked, id=14000, stack(0x00000003de700000,0x00000003de800000)]
  0x0000012edc8a3290 JavaThread "Attach Listener" daemon [_thread_blocked, id=11956, stack(0x00000003de800000,0x00000003de900000)]
  0x0000012edc8a3770 JavaThread "Service Thread" daemon [_thread_blocked, id=2988, stack(0x00000003de900000,0x00000003dea00000)]
  0x0000012edc8a7c60 JavaThread "Monitor Deflation Thread" daemon [_thread_blocked, id=7656, stack(0x00000003dea00000,0x00000003deb00000)]
  0x0000012edc8a9480 JavaThread "C2 CompilerThread0" daemon [_thread_blocked, id=4288, stack(0x00000003deb00000,0x00000003dec00000)]
  0x0000012edc8ab9b0 JavaThread "C1 CompilerThread0" daemon [_thread_blocked, id=4172, stack(0x00000003dec00000,0x00000003ded00000)]
  0x0000012edc8ac4e0 JavaThread "Sweeper thread" daemon [_thread_blocked, id=31144, stack(0x00000003ded00000,0x00000003dee00000)]
  0x0000012edca80810 JavaThread "Common-Cleaner" daemon [_thread_blocked, id=6068, stack(0x00000003dee00000,0x00000003def00000)]
  0x0000012edcccb470 JavaThread "Notification Thread" daemon [_thread_blocked, id=29692, stack(0x00000003df300000,0x00000003df400000)]
  0x0000012ef7a661d0 JavaThread "Daemon health stats" [_thread_blocked, id=30524, stack(0x00000003dfa00000,0x00000003dfb00000)]
  0x0000012ef7307090 JavaThread "Incoming local TCP Connector on port 58164" [_thread_in_native, id=31468, stack(0x00000003dfb00000,0x00000003dfc00000)]
  0x0000012ef6d0e020 JavaThread "Daemon periodic checks" [_thread_blocked, id=27816, stack(0x00000003dfc00000,0x00000003dfd00000)]
  0x0000012ef6da34b0 JavaThread "Cache worker for journal cache (C:\Users\sh163\.gradle\caches\journal-1)" [_thread_blocked, id=26348, stack(0x00000003e0400000,0x00000003e0500000)]
  0x0000012ef6da39c0 JavaThread "File lock request listener" [_thread_in_native, id=17652, stack(0x00000003e0500000,0x00000003e0600000)]
  0x0000012ef6da3ed0 JavaThread "Cache worker for file hash cache (C:\Users\sh163\.gradle\caches\8.12.1\fileHashes)" [_thread_blocked, id=27572, stack(0x00000003e0600000,0x00000003e0700000)]
  0x0000012ef9cad770 JavaThread "File watcher server" daemon [_thread_in_native, id=11144, stack(0x00000003e1a00000,0x00000003e1b00000)]
  0x0000012ef9cb0500 JavaThread "File watcher consumer" daemon [_thread_blocked, id=31492, stack(0x00000003e1b00000,0x00000003e1c00000)]
  0x0000012ef9cb0a10 JavaThread "jar transforms" [_thread_blocked, id=28280, stack(0x00000003e1c00000,0x00000003e1d00000)]
  0x0000012ef9cae6a0 JavaThread "jar transforms Thread 2" [_thread_blocked, id=20248, stack(0x00000003e1d00000,0x00000003e1e00000)]
  0x0000012ef9cb0f20 JavaThread "Cache worker for file content cache (C:\Users\sh163\.gradle\caches\8.12.1\fileContent)" [_thread_blocked, id=28952, stack(0x00000003e2200000,0x00000003e2300000)]
  0x0000012ef9cafae0 JavaThread "jar transforms Thread 3" [_thread_blocked, id=27704, stack(0x00000003e2500000,0x00000003e2600000)]
  0x0000012ef6da2070 JavaThread "jar transforms Thread 4" [_thread_blocked, id=22496, stack(0x00000003df900000,0x00000003dfa00000)]
  0x0000012ef6da2fa0 JavaThread "jar transforms Thread 5" [_thread_blocked, id=27968, stack(0x00000003e1e00000,0x00000003e1f00000)]
  0x0000012efdd26a30 JavaThread "jar transforms Thread 6" [_thread_blocked, id=31204, stack(0x00000003e1f00000,0x00000003e2000000)]
  0x0000012efdd26f40 JavaThread "jar transforms Thread 7" [_thread_blocked, id=30260, stack(0x00000003e3000000,0x00000003e3100000)]
  0x0000012efa4f6e10 JavaThread "Memory manager" [_thread_blocked, id=30648, stack(0x00000003e6c00000,0x00000003e6d00000)]
  0x0000012efa4f63f0 JavaThread "jar transforms Thread 8" [_thread_blocked, id=31028, stack(0x00000003e2400000,0x00000003e2500000)]
  0x0000012efe4c1bd0 JavaThread "Cache worker for Java compile cache (C:\Users\sh163\.gradle\caches\8.12.1\javaCompile)" [_thread_blocked, id=13548, stack(0x00000003f4d00000,0x00000003f4e00000)]
  0x0000012efc852340 JavaThread "jar transforms Thread 9" [_thread_blocked, id=27508, stack(0x00000003e0100000,0x00000003e0200000)]
  0x0000012efc855af0 JavaThread "jar transforms Thread 10" [_thread_blocked, id=1544, stack(0x00000003e0800000,0x00000003e0900000)]
  0x0000012efc852850 JavaThread "jar transforms Thread 11" [_thread_blocked, id=7128, stack(0x00000003e0900000,0x00000003e0a00000)]
  0x0000012efc852d60 JavaThread "jar transforms Thread 12" [_thread_blocked, id=28924, stack(0x00000003e2000000,0x00000003e2100000)]
  0x0000012efd662910 JavaThread "jar transforms Thread 13" [_thread_blocked, id=27684, stack(0x00000003e0300000,0x00000003e0400000)]
  0x0000012efcb6d0d0 JavaThread "jar transforms Thread 14" [_thread_blocked, id=32232, stack(0x00000003e2600000,0x00000003e2700000)]
  0x0000012efcb6fe60 JavaThread "jar transforms Thread 15" [_thread_blocked, id=10656, stack(0x00000003e2700000,0x00000003e2800000)]
  0x0000012efcb70370 JavaThread "jar transforms Thread 16" [_thread_blocked, id=30268, stack(0x00000003e2800000,0x00000003e2900000)]
  0x0000012ef8f92790 JavaThread "jar transforms Thread 17" [_thread_blocked, id=28752, stack(0x00000003e2300000,0x00000003e2400000)]
  0x0000012ef8f90e40 JavaThread "jar transforms Thread 18" [_thread_blocked, id=3588, stack(0x00000003e2900000,0x00000003e2a00000)]
  0x0000012efd2d9520 JavaThread "Daemon Thread 19" [_thread_blocked, id=32196, stack(0x00000003ddb00000,0x00000003ddc00000)]
  0x0000012efa097f00 JavaThread "Handler for socket connection from /127.0.0.1:58164 to /127.0.0.1:60758" [_thread_in_native, id=36360, stack(0x00000003ddc00000,0x00000003ddd00000)]
  0x0000012efa098410 JavaThread "Cancel handler" [_thread_blocked, id=27364, stack(0x00000003ddd00000,0x00000003dde00000)]
  0x0000012efa096fd0 JavaThread "Daemon worker Thread 18" [_thread_blocked, id=34680, stack(0x00000003def00000,0x00000003df000000)]
  0x0000012efa2c8320 JavaThread "Asynchronous log dispatcher for DefaultDaemonConnection: socket connection from /127.0.0.1:58164 to /127.0.0.1:60758" [_thread_blocked, id=34628, stack(0x00000003df000000,0x00000003df100000)]
  0x0000012efa2c7900 JavaThread "Stdin handler" [_thread_blocked, id=34228, stack(0x00000003df100000,0x00000003df200000)]
  0x0000012efa2c8830 JavaThread "Daemon client event forwarder" [_thread_blocked, id=31800, stack(0x00000003dfd00000,0x00000003dfe00000)]
  0x0000012efa2c7e10 JavaThread "Cache worker for file hash cache (C:\Users\sh163\Desktop\github\CodeIT\1-sprint-mission\.gradle\8.12.1\fileHashes)" [_thread_blocked, id=20908, stack(0x00000003dfe00000,0x00000003dff00000)]
  0x0000012efa2c8d40 JavaThread "Cache worker for Build Output Cleanup Cache (C:\Users\sh163\Desktop\github\CodeIT\1-sprint-mission\.gradle\buildOutputCleanup)" [_thread_in_native, id=36316, stack(0x00000003dff00000,0x00000003e0000000)]
  0x0000012ef63c3470 JavaThread "Cache worker for checksums cache (C:\Users\sh163\Desktop\github\CodeIT\1-sprint-mission\.gradle\8.12.1\checksums)" [_thread_blocked, id=12380, stack(0x00000003e0000000,0x00000003e0100000)]
  0x0000012ef63c2a50 JavaThread "Cache worker for cache directory md-rule (C:\Users\sh163\.gradle\caches\8.12.1\md-rule)" [_thread_blocked, id=33248, stack(0x00000003e0200000,0x00000003e0300000)]
  0x0000012ef63c0bf0 JavaThread "Cache worker for cache directory md-supplier (C:\Users\sh163\.gradle\caches\8.12.1\md-supplier)" [_thread_blocked, id=30132, stack(0x00000003e0700000,0x00000003e0800000)]
  0x0000012ef63c2030 JavaThread "Unconstrained build operations" [_thread_blocked, id=4720, stack(0x00000003e2100000,0x00000003e2200000)]
  0x0000012ef63c2f60 JavaThread "Unconstrained build operations Thread 2" [_thread_blocked, id=20056, stack(0x00000003e2e00000,0x00000003e2f00000)]
  0x0000012ef63c3980 JavaThread "Unconstrained build operations Thread 3" [_thread_blocked, id=32112, stack(0x00000003e2f00000,0x00000003e3000000)]
  0x0000012ef63c1100 JavaThread "Unconstrained build operations Thread 4" [_thread_blocked, id=400, stack(0x00000003e3100000,0x00000003e3200000)]
  0x0000012ef63c1610 JavaThread "Unconstrained build operations Thread 5" [_thread_blocked, id=8952, stack(0x00000003e3200000,0x00000003e3300000)]
  0x0000012ef63c1b20 JavaThread "Unconstrained build operations Thread 6" [_thread_blocked, id=27988, stack(0x00000003e3300000,0x00000003e3400000)]
  0x0000012ef63c43a0 JavaThread "Unconstrained build operations Thread 7" [_thread_blocked, id=12580, stack(0x00000003e3400000,0x00000003e3500000)]
  0x0000012ef63c3e90 JavaThread "Unconstrained build operations Thread 8" [_thread_blocked, id=33772, stack(0x00000003e3500000,0x00000003e3600000)]
  0x0000012efdc08530 JavaThread "Unconstrained build operations Thread 9" [_thread_blocked, id=27532, stack(0x00000003e3600000,0x00000003e3700000)]
  0x0000012efdc066d0 JavaThread "Unconstrained build operations Thread 10" [_thread_blocked, id=29616, stack(0x00000003e3700000,0x00000003e3800000)]
  0x0000012efdc070f0 JavaThread "Unconstrained build operations Thread 11" [_thread_blocked, id=23520, stack(0x00000003e3800000,0x00000003e3900000)]
  0x0000012efdc07600 JavaThread "Unconstrained build operations Thread 12" [_thread_blocked, id=20920, stack(0x00000003e3900000,0x00000003e3a00000)]
  0x0000012efdc07b10 JavaThread "Unconstrained build operations Thread 13" [_thread_blocked, id=36252, stack(0x00000003e3a00000,0x00000003e3b00000)]
  0x0000012efdc08020 JavaThread "Unconstrained build operations Thread 14" [_thread_blocked, id=33060, stack(0x00000003e3b00000,0x00000003e3c00000)]
  0x0000012efdc04d80 JavaThread "Unconstrained build operations Thread 15" [_thread_blocked, id=31296, stack(0x00000003e3c00000,0x00000003e3d00000)]
  0x0000012efdc057a0 JavaThread "Unconstrained build operations Thread 16" [_thread_blocked, id=32568, stack(0x00000003e3d00000,0x00000003e3e00000)]
  0x0000012e80753340 JavaThread "Unconstrained build operations Thread 17" [_thread_blocked, id=11624, stack(0x00000003e3e00000,0x00000003e3f00000)]
  0x0000012e807514e0 JavaThread "Unconstrained build operations Thread 18" [_thread_blocked, id=32792, stack(0x00000003e3f00000,0x00000003e4000000)]
  0x0000012e807519f0 JavaThread "Unconstrained build operations Thread 19" [_thread_blocked, id=24324, stack(0x00000003e4000000,0x00000003e4100000)]
  0x0000012e80753850 JavaThread "Unconstrained build operations Thread 20" [_thread_blocked, id=29808, stack(0x00000003e4100000,0x00000003e4200000)]
  0x0000012e807500a0 JavaThread "Unconstrained build operations Thread 21" [_thread_blocked, id=33712, stack(0x00000003e4200000,0x00000003e4300000)]
  0x0000012e807505b0 JavaThread "Unconstrained build operations Thread 22" [_thread_blocked, id=32236, stack(0x00000003e4300000,0x00000003e4400000)]
  0x0000012e80752920 JavaThread "Unconstrained build operations Thread 23" [_thread_blocked, id=13620, stack(0x00000003e4400000,0x00000003e4500000)]
  0x0000012e80751f00 JavaThread "Unconstrained build operations Thread 24" [_thread_blocked, id=28000, stack(0x00000003e4500000,0x00000003e4600000)]
  0x0000012e80752410 JavaThread "Unconstrained build operations Thread 25" [_thread_blocked, id=5904, stack(0x00000003e4600000,0x00000003e4700000)]
  0x0000012e80752e30 JavaThread "Unconstrained build operations Thread 26" [_thread_blocked, id=26244, stack(0x00000003e4700000,0x00000003e4800000)]
  0x0000012e80750fd0 JavaThread "Unconstrained build operations Thread 27" [_thread_blocked, id=34744, stack(0x00000003e4800000,0x00000003e4900000)]
  0x0000012e80750ac0 JavaThread "Unconstrained build operations Thread 28" [_thread_blocked, id=13912, stack(0x00000003e4900000,0x00000003e4a00000)]
  0x0000012efdc8e180 JavaThread "Unconstrained build operations Thread 29" [_thread_blocked, id=33704, stack(0x00000003e4a00000,0x00000003e4b00000)]
  0x0000012efdc8a9d0 JavaThread "Unconstrained build operations Thread 30" [_thread_blocked, id=32856, stack(0x00000003e4b00000,0x00000003e4c00000)]
  0x0000012ef63c2540 JavaThread "Unconstrained build operations Thread 31" [_thread_blocked, id=31160, stack(0x00000003e4c00000,0x00000003e4d00000)]
  0x0000012efb90e040 JavaThread "Unconstrained build operations Thread 32" [_thread_blocked, id=13408, stack(0x00000003e4d00000,0x00000003e4e00000)]
  0x0000012efb90fea0 JavaThread "Unconstrained build operations Thread 33" [_thread_blocked, id=32484, stack(0x00000003e4e00000,0x00000003e4f00000)]
  0x0000012efb90db30 JavaThread "Unconstrained build operations Thread 34" [_thread_blocked, id=31544, stack(0x00000003e4f00000,0x00000003e5000000)]
  0x0000012efb90d110 JavaThread "Unconstrained build operations Thread 35" [_thread_blocked, id=11428, stack(0x00000003e5000000,0x00000003e5100000)]
  0x0000012efb9103b0 JavaThread "Unconstrained build operations Thread 36" [_thread_blocked, id=13936, stack(0x00000003e5100000,0x00000003e5200000)]
  0x0000012efb90d620 JavaThread "Unconstrained build operations Thread 37" [_thread_blocked, id=31404, stack(0x00000003e5200000,0x00000003e5300000)]
  0x0000012efb90e550 JavaThread "Unconstrained build operations Thread 38" [_thread_blocked, id=29304, stack(0x00000003e5300000,0x00000003e5400000)]
  0x0000012efb90cc00 JavaThread "Unconstrained build operations Thread 39" [_thread_blocked, id=34320, stack(0x00000003e5400000,0x00000003e5500000)]
  0x0000012efb90ea60 JavaThread "Unconstrained build operations Thread 40" [_thread_blocked, id=7160, stack(0x00000003e5500000,0x00000003e5600000)]
  0x0000012ef6302220 JavaThread "File lock release action executor Thread 3" [_thread_blocked, id=11652, stack(0x00000003e5600000,0x00000003e5700000)]
  0x0000012efb90ef70 JavaThread "ForkJoinPool.commonPool-worker-67" daemon [_thread_blocked, id=36544, stack(0x00000003e5700000,0x00000003e5800000)]
  0x0000012efecd1680 JavaThread "ForkJoinPool.commonPool-worker-68" daemon [_thread_blocked, id=33212, stack(0x00000003e5800000,0x00000003e5900000)]
  0x0000012efecd1b90 JavaThread "ForkJoinPool.commonPool-worker-69" daemon [_thread_blocked, id=6540, stack(0x00000003e5900000,0x00000003e5a00000)]
  0x0000012efc853270 JavaThread "ForkJoinPool.commonPool-worker-70" daemon [_thread_blocked, id=12744, stack(0x00000003e5a00000,0x00000003e5b00000)]
  0x0000012efb90f480 JavaThread "ForkJoinPool.commonPool-worker-72" daemon [_thread_blocked, id=12348, stack(0x00000003e5b00000,0x00000003e5c00000)]
  0x0000012e85b06f80 JavaThread "ForkJoinPool.commonPool-worker-71" daemon [_thread_blocked, id=12736, stack(0x00000003e5c00000,0x00000003e5d00000)]
  0x0000012ef81d5f80 JavaThread "ForkJoinPool.commonPool-worker-73" daemon [_thread_blocked, id=17452, stack(0x00000003e5d00000,0x00000003e5e00000)]
  0x0000012ef9202350 JavaThread "C2 CompilerThread1" daemon [_thread_blocked, id=19500, stack(0x00000003e5e00000,0x00000003e5f00000)]
  0x0000012efb90f990 JavaThread "Unconstrained build operations Thread 41" [_thread_blocked, id=25812, stack(0x00000003e5f00000,0x00000003e6000000)]
  0x0000012efa331680 JavaThread "Unconstrained build operations Thread 42" [_thread_blocked, id=35824, stack(0x00000003e6000000,0x00000003e6100000)]
  0x0000012efa332ac0 JavaThread "Unconstrained build operations Thread 43" [_thread_blocked, id=3436, stack(0x00000003e6100000,0x00000003e6200000)]
  0x0000012efa331b90 JavaThread "Unconstrained build operations Thread 44" [_thread_blocked, id=34280, stack(0x00000003e6200000,0x00000003e6300000)]
  0x0000012efa3325b0 JavaThread "Unconstrained build operations Thread 45" [_thread_blocked, id=3924, stack(0x00000003e6300000,0x00000003e6400000)]
  0x0000012efa32fd30 JavaThread "Unconstrained build operations Thread 46" [_thread_blocked, id=10608, stack(0x00000003e6400000,0x00000003e6500000)]
  0x0000012efa330240 JavaThread "Unconstrained build operations Thread 47" [_thread_blocked, id=12708, stack(0x00000003e6500000,0x00000003e6600000)]
  0x0000012efa330750 JavaThread "Unconstrained build operations Thread 48" [_thread_blocked, id=33324, stack(0x00000003e6600000,0x00000003e6700000)]
  0x0000012efa3334e0 JavaThread "Unconstrained build operations Thread 49" [_thread_blocked, id=31456, stack(0x00000003e6700000,0x00000003e6800000)]
  0x0000012efa331170 JavaThread "Unconstrained build operations Thread 50" [_thread_blocked, id=35436, stack(0x00000003e6800000,0x00000003e6900000)]
  0x0000012efa330c60 JavaThread "Unconstrained build operations Thread 51" [_thread_blocked, id=5988, stack(0x00000003e6900000,0x00000003e6a00000)]
  0x0000012efa3320a0 JavaThread "Unconstrained build operations Thread 52" [_thread_blocked, id=7424, stack(0x00000003e6a00000,0x00000003e6b00000)]
  0x0000012efa332fd0 JavaThread "Unconstrained build operations Thread 53" [_thread_blocked, id=22424, stack(0x00000003e6b00000,0x00000003e6c00000)]
  0x0000012efa35d8f0 JavaThread "Unconstrained build operations Thread 54" [_thread_blocked, id=34624, stack(0x00000003e6d00000,0x00000003e6e00000)]
  0x0000012efa35de00 JavaThread "Unconstrained build operations Thread 55" [_thread_blocked, id=33276, stack(0x00000003e6e00000,0x00000003e6f00000)]
  0x0000012efa35e820 JavaThread "Unconstrained build operations Thread 56" [_thread_blocked, id=31512, stack(0x00000003e6f00000,0x00000003e7000000)]
  0x0000012efa35c9c0 JavaThread "Unconstrained build operations Thread 57" [_thread_blocked, id=12556, stack(0x00000003e7000000,0x00000003e7100000)]
  0x0000012efa35ced0 JavaThread "Unconstrained build operations Thread 58" [_thread_blocked, id=26352, stack(0x00000003e7100000,0x00000003e7200000)]
  0x0000012efa35d3e0 JavaThread "Unconstrained build operations Thread 59" [_thread_blocked, id=15136, stack(0x00000003e7200000,0x00000003e7300000)]
  0x0000012efa35c4b0 JavaThread "Unconstrained build operations Thread 60" [_thread_blocked, id=34496, stack(0x00000003e7300000,0x00000003e7400000)]
  0x0000012efa35e310 JavaThread "Unconstrained build operations Thread 61" [_thread_blocked, id=28224, stack(0x00000003e7400000,0x00000003e7500000)]
  0x0000012efa35ed30 JavaThread "Unconstrained build operations Thread 62" [_thread_blocked, id=17240, stack(0x00000003e7500000,0x00000003e7600000)]
  0x0000012efa35f240 JavaThread "Unconstrained build operations Thread 63" [_thread_blocked, id=34120, stack(0x00000003e7600000,0x00000003e7700000)]
  0x0000012efa35f750 JavaThread "Unconstrained build operations Thread 64" [_thread_blocked, id=17244, stack(0x00000003e7700000,0x00000003e7800000)]
  0x0000012efa35fc60 JavaThread "Unconstrained build operations Thread 65" [_thread_blocked, id=8416, stack(0x00000003e7800000,0x00000003e7900000)]
  0x0000012ef91f85b0 JavaThread "Unconstrained build operations Thread 66" [_thread_blocked, id=34196, stack(0x00000003e7900000,0x00000003e7a00000)]
  0x0000012ef91f7680 JavaThread "Unconstrained build operations Thread 67" [_thread_blocked, id=33336, stack(0x00000003e7a00000,0x00000003e7b00000)]
  0x0000012ef91f8ac0 JavaThread "Unconstrained build operations Thread 68" [_thread_blocked, id=30032, stack(0x00000003e7b00000,0x00000003e7c00000)]
  0x0000012ef91f8fd0 JavaThread "Unconstrained build operations Thread 69" [_thread_blocked, id=22956, stack(0x00000003e7c00000,0x00000003e7d00000)]
  0x0000012ef91fa410 JavaThread "Unconstrained build operations Thread 70" [_thread_blocked, id=35576, stack(0x00000003e7d00000,0x00000003e7e00000)]
  0x0000012ef91f94e0 JavaThread "Unconstrained build operations Thread 71" [_thread_blocked, id=36616, stack(0x00000003e7e00000,0x00000003e7f00000)]
  0x0000012ef91f99f0 JavaThread "Unconstrained build operations Thread 72" [_thread_blocked, id=5636, stack(0x00000003e7f00000,0x00000003e8000000)]
  0x0000012ef91f9f00 JavaThread "Unconstrained build operations Thread 73" [_thread_blocked, id=34072, stack(0x00000003e8000000,0x00000003e8100000)]
  0x0000012ef91f7b90 JavaThread "Unconstrained build operations Thread 74" [_thread_blocked, id=17216, stack(0x00000003e8100000,0x00000003e8200000)]
  0x0000012ef91f6c60 JavaThread "Unconstrained build operations Thread 75" [_thread_blocked, id=6376, stack(0x00000003e8200000,0x00000003e8300000)]
  0x0000012ef91f7170 JavaThread "Unconstrained build operations Thread 76" [_thread_blocked, id=30136, stack(0x00000003e8300000,0x00000003e8400000)]
  0x0000012ef91f80a0 JavaThread "Unconstrained build operations Thread 77" [_thread_blocked, id=32560, stack(0x00000003e8400000,0x00000003e8500000)]
  0x0000012e8054c360 JavaThread "Unconstrained build operations Thread 78" [_thread_blocked, id=4428, stack(0x00000003e8500000,0x00000003e8600000)]
  0x0000012e8054c870 JavaThread "Unconstrained build operations Thread 79" [_thread_blocked, id=30436, stack(0x00000003e8600000,0x00000003e8700000)]
  0x0000012e8054cd80 JavaThread "Unconstrained build operations Thread 80" [_thread_blocked, id=8568, stack(0x00000003e8700000,0x00000003e8800000)]
  0x0000012e8054d290 JavaThread "Unconstrained build operations Thread 81" [_thread_blocked, id=21660, stack(0x00000003e8800000,0x00000003e8900000)]
  0x0000012e8054fb10 JavaThread "Unconstrained build operations Thread 82" [_thread_blocked, id=32752, stack(0x00000003e8900000,0x00000003e8a00000)]
  0x0000012e8054d7a0 JavaThread "Unconstrained build operations Thread 83" [_thread_blocked, id=30732, stack(0x00000003e8a00000,0x00000003e8b00000)]
  0x0000012e8054dcb0 JavaThread "Unconstrained build operations Thread 84" [_thread_blocked, id=33780, stack(0x00000003e8b00000,0x00000003e8c00000)]
  0x0000012e8054f600 JavaThread "Unconstrained build operations Thread 85" [_thread_blocked, id=34200, stack(0x00000003e8c00000,0x00000003e8d00000)]
  0x0000012e8054e1c0 JavaThread "Unconstrained build operations Thread 86" [_thread_blocked, id=33252, stack(0x00000003e8d00000,0x00000003e8e00000)]
  0x0000012e8054e6d0 JavaThread "Unconstrained build operations Thread 87" [_thread_blocked, id=28800, stack(0x00000003e8e00000,0x00000003e8f00000)]
  0x0000012e8054ebe0 JavaThread "Unconstrained build operations Thread 88" [_thread_blocked, id=31064, stack(0x00000003e8f00000,0x00000003e9000000)]
  0x0000012e8054f0f0 JavaThread "Unconstrained build operations Thread 89" [_thread_blocked, id=33264, stack(0x00000003e9000000,0x00000003e9100000)]
  0x0000012efbe9eac0 JavaThread "Unconstrained build operations Thread 90" [_thread_blocked, id=30688, stack(0x00000003e9100000,0x00000003e9200000)]
  0x0000012efbe9e0a0 JavaThread "Unconstrained build operations Thread 91" [_thread_blocked, id=12224, stack(0x00000003e9200000,0x00000003e9300000)]
  0x0000012efbe9db90 JavaThread "Unconstrained build operations Thread 92" [_thread_blocked, id=32972, stack(0x00000003e9300000,0x00000003e9400000)]
  0x0000012efbe9d170 JavaThread "Unconstrained build operations Thread 93" [_thread_blocked, id=13604, stack(0x00000003e9400000,0x00000003e9500000)]
  0x0000012efbe9e5b0 JavaThread "Unconstrained build operations Thread 94" [_thread_blocked, id=12576, stack(0x00000003e9500000,0x00000003e9600000)]
  0x0000012efcc9b8c0 JavaThread "Unconstrained build operations Thread 95" [_thread_blocked, id=27540, stack(0x00000003e9600000,0x00000003e9700000)]
  0x0000012efcc9b3b0 JavaThread "Unconstrained build operations Thread 96" [_thread_blocked, id=32664, stack(0x00000003e9700000,0x00000003e9800000)]
  0x0000012efcc9c2e0 JavaThread "Unconstrained build operations Thread 97" [_thread_blocked, id=10528, stack(0x00000003e9800000,0x00000003e9900000)]
  0x0000012efcc9aea0 JavaThread "Unconstrained build operations Thread 98" [_thread_blocked, id=34408, stack(0x00000003e9900000,0x00000003e9a00000)]
  0x0000012efcc9c7f0 JavaThread "Unconstrained build operations Thread 99" [_thread_blocked, id=28828, stack(0x00000003e9a00000,0x00000003e9b00000)]
  0x0000012efcc9bdd0 JavaThread "Unconstrained build operations Thread 100" [_thread_blocked, id=35176, stack(0x00000003e9b00000,0x00000003e9c00000)]
  0x0000012efbe9d680 JavaThread "Unconstrained build operations Thread 101" [_thread_blocked, id=32756, stack(0x00000003e9c00000,0x00000003e9d00000)]
  0x0000012efbf3ff60 JavaThread "Unconstrained build operations Thread 102" [_thread_blocked, id=33080, stack(0x00000003e9d00000,0x00000003e9e00000)]
  0x0000012efbf40470 JavaThread "Unconstrained build operations Thread 103" [_thread_blocked, id=28524, stack(0x00000003e9e00000,0x00000003e9f00000)]
  0x0000012efbf3fa50 JavaThread "Unconstrained build operations Thread 104" [_thread_blocked, id=29376, stack(0x00000003e9f00000,0x00000003ea000000)]
  0x0000012efbf40980 JavaThread "Unconstrained build operations Thread 105" [_thread_blocked, id=33156, stack(0x00000003ea000000,0x00000003ea100000)]
  0x0000012efbf3f030 JavaThread "Unconstrained build operations Thread 106" [_thread_blocked, id=26228, stack(0x00000003ea100000,0x00000003ea200000)]
  0x0000012efbf3f540 JavaThread "Unconstrained build operations Thread 107" [_thread_blocked, id=14904, stack(0x00000003ea200000,0x00000003ea300000)]
  0x0000012efb950ab0 JavaThread "Unconstrained build operations Thread 108" [_thread_blocked, id=27696, stack(0x00000003ea300000,0x00000003ea400000)]
  0x0000012efb9514d0 JavaThread "Unconstrained build operations Thread 109" [_thread_blocked, id=8, stack(0x00000003ea400000,0x00000003ea500000)]
  0x0000012efb950fc0 JavaThread "Unconstrained build operations Thread 110" [_thread_blocked, id=2932, stack(0x00000003ea500000,0x00000003ea600000)]
  0x0000012efb950090 JavaThread "Unconstrained build operations Thread 111" [_thread_blocked, id=20440, stack(0x00000003ea600000,0x00000003ea700000)]
  0x0000012efb94fb80 JavaThread "Unconstrained build operations Thread 112" [_thread_blocked, id=22056, stack(0x00000003ea700000,0x00000003ea800000)]
  0x0000012efb9505a0 JavaThread "Unconstrained build operations Thread 113" [_thread_blocked, id=31424, stack(0x00000003ea800000,0x00000003ea900000)]
  0x0000012ef8fe0480 JavaThread "Unconstrained build operations Thread 114" [_thread_blocked, id=30828, stack(0x00000003ea900000,0x00000003eaa00000)]
  0x0000012ef8fe0990 JavaThread "Unconstrained build operations Thread 115" [_thread_blocked, id=26200, stack(0x00000003eaa00000,0x00000003eab00000)]
  0x0000012ef8fe0ea0 JavaThread "Unconstrained build operations Thread 116" [_thread_blocked, id=32160, stack(0x00000003eab00000,0x00000003eac00000)]
  0x0000012ef8fe13b0 JavaThread "Unconstrained build operations Thread 117" [_thread_blocked, id=10084, stack(0x00000003eac00000,0x00000003ead00000)]
  0x0000012ef8fe18c0 JavaThread "Unconstrained build operations Thread 118" [_thread_blocked, id=28320, stack(0x00000003ead00000,0x00000003eae00000)]
  0x0000012ef8fdff70 JavaThread "Unconstrained build operations Thread 119" [_thread_blocked, id=4876, stack(0x00000003eae00000,0x00000003eaf00000)]
  0x0000012efdb7bbf0 JavaThread "Unconstrained build operations Thread 120" [_thread_blocked, id=27344, stack(0x00000003eaf00000,0x00000003eb000000)]
  0x0000012efdb78950 JavaThread "Unconstrained build operations Thread 121" [_thread_blocked, id=33976, stack(0x00000003eb000000,0x00000003eb100000)]
  0x0000012efdb78e60 JavaThread "Unconstrained build operations Thread 122" [_thread_blocked, id=34008, stack(0x00000003eb100000,0x00000003eb200000)]
  0x0000012efdb7b6e0 JavaThread "Unconstrained build operations Thread 123" [_thread_blocked, id=18360, stack(0x00000003eb200000,0x00000003eb300000)]
  0x0000012efdb7a7b0 JavaThread "Unconstrained build operations Thread 124" [_thread_blocked, id=33532, stack(0x00000003eb300000,0x00000003eb400000)]
  0x0000012efdb7acc0 JavaThread "Unconstrained build operations Thread 125" [_thread_blocked, id=30296, stack(0x00000003eb400000,0x00000003eb500000)]
  0x0000012efdb7b1d0 JavaThread "Unconstrained build operations Thread 126" [_thread_blocked, id=32532, stack(0x00000003eb500000,0x00000003eb600000)]
  0x0000012efdb78440 JavaThread "Unconstrained build operations Thread 127" [_thread_blocked, id=17912, stack(0x00000003eb600000,0x00000003eb700000)]
  0x0000012efdb7c100 JavaThread "Unconstrained build operations Thread 128" [_thread_blocked, id=28192, stack(0x00000003eb700000,0x00000003eb800000)]
  0x0000012efdb7a2a0 JavaThread "Unconstrained build operations Thread 129" [_thread_blocked, id=10852, stack(0x00000003eb800000,0x00000003eb900000)]
  0x0000012efdb79d90 JavaThread "Unconstrained build operations Thread 130" [_thread_blocked, id=7116, stack(0x00000003eb900000,0x00000003eba00000)]
  0x0000012efdb7c610 JavaThread "Unconstrained build operations Thread 131" [_thread_blocked, id=30892, stack(0x00000003eba00000,0x00000003ebb00000)]
  0x0000012efdb7cb20 JavaThread "Unconstrained build operations Thread 132" [_thread_blocked, id=28512, stack(0x00000003ebb00000,0x00000003ebc00000)]
  0x0000012efdb79370 JavaThread "Unconstrained build operations Thread 133" [_thread_blocked, id=29324, stack(0x00000003ebc00000,0x00000003ebd00000)]
  0x0000012efdb7d030 JavaThread "Unconstrained build operations Thread 134" [_thread_blocked, id=31440, stack(0x00000003ebd00000,0x00000003ebe00000)]
  0x0000012efdb79880 JavaThread "Unconstrained build operations Thread 135" [_thread_blocked, id=35784, stack(0x00000003ebe00000,0x00000003ebf00000)]
  0x0000012efdb7f3a0 JavaThread "Unconstrained build operations Thread 136" [_thread_blocked, id=34916, stack(0x00000003ebf00000,0x00000003ec000000)]
  0x0000012efdb7fdc0 JavaThread "Unconstrained build operations Thread 137" [_thread_blocked, id=33228, stack(0x00000003ec000000,0x00000003ec100000)]
  0x0000012efdb7da50 JavaThread "Unconstrained build operations Thread 138" [_thread_blocked, id=28216, stack(0x00000003ec100000,0x00000003ec200000)]
  0x0000012efdb7d540 JavaThread "Unconstrained build operations Thread 139" [_thread_blocked, id=30384, stack(0x00000003ec200000,0x00000003ec300000)]
  0x0000012efdb7df60 JavaThread "Unconstrained build operations Thread 140" [_thread_blocked, id=23412, stack(0x00000003ec300000,0x00000003ec400000)]
  0x0000012efdb7e980 JavaThread "Unconstrained build operations Thread 141" [_thread_blocked, id=10404, stack(0x00000003ec400000,0x00000003ec500000)]
  0x0000012efdb7e470 JavaThread "Unconstrained build operations Thread 142" [_thread_blocked, id=27176, stack(0x00000003ec500000,0x00000003ec600000)]
  0x0000012efdb7f8b0 JavaThread "Unconstrained build operations Thread 143" [_thread_blocked, id=32276, stack(0x00000003ec600000,0x00000003ec700000)]
  0x0000012efdb7ee90 JavaThread "Unconstrained build operations Thread 144" [_thread_blocked, id=32836, stack(0x00000003ec700000,0x00000003ec800000)]
  0x0000012ef7cd5fe0 JavaThread "Unconstrained build operations Thread 145" [_thread_blocked, id=22212, stack(0x00000003ec800000,0x00000003ec900000)]
  0x0000012ef7cd64f0 JavaThread "Unconstrained build operations Thread 146" [_thread_blocked, id=4204, stack(0x00000003ec900000,0x00000003eca00000)]
  0x0000012ef7cd8860 JavaThread "Unconstrained build operations Thread 147" [_thread_blocked, id=35140, stack(0x00000003eca00000,0x00000003ecb00000)]
  0x0000012ef7cd6a00 JavaThread "Unconstrained build operations Thread 148" [_thread_blocked, id=17044, stack(0x00000003ecb00000,0x00000003ecc00000)]
  0x0000012ef7cd7420 JavaThread "Unconstrained build operations Thread 149" [_thread_blocked, id=33460, stack(0x00000003ecc00000,0x00000003ecd00000)]
  0x0000012ef7cd7e40 JavaThread "Unconstrained build operations Thread 150" [_thread_blocked, id=26312, stack(0x00000003ecd00000,0x00000003ece00000)]
  0x0000012ef7cd5ad0 JavaThread "Unconstrained build operations Thread 151" [_thread_blocked, id=34476, stack(0x00000003ece00000,0x00000003ecf00000)]
  0x0000012ef7cd8350 JavaThread "Unconstrained build operations Thread 152" [_thread_blocked, id=17256, stack(0x00000003ecf00000,0x00000003ed000000)]
  0x0000012ef7cd6f10 JavaThread "Unconstrained build operations Thread 153" [_thread_blocked, id=34428, stack(0x00000003ed000000,0x00000003ed100000)]
  0x0000012ef7cd50b0 JavaThread "Unconstrained build operations Thread 154" [_thread_blocked, id=31584, stack(0x00000003ed100000,0x00000003ed200000)]
  0x0000012ef7cd55c0 JavaThread "Unconstrained build operations Thread 155" [_thread_blocked, id=34616, stack(0x00000003ed200000,0x00000003ed300000)]
  0x0000012ef7cd7930 JavaThread "Unconstrained build operations Thread 156" [_thread_blocked, id=26344, stack(0x00000003ed300000,0x00000003ed400000)]
  0x0000012ef7cd9790 JavaThread "Unconstrained build operations Thread 157" [_thread_blocked, id=28248, stack(0x00000003ed400000,0x00000003ed500000)]
  0x0000012ef7cda6c0 JavaThread "Unconstrained build operations Thread 158" [_thread_blocked, id=32852, stack(0x00000003ed500000,0x00000003ed600000)]
  0x0000012ef7cdb5f0 JavaThread "Unconstrained build operations Thread 159" [_thread_blocked, id=34312, stack(0x00000003ed600000,0x00000003ed700000)]
  0x0000012ef7cdc010 JavaThread "Unconstrained build operations Thread 160" [_thread_blocked, id=3020, stack(0x00000003ed700000,0x00000003ed800000)]
  0x0000012ef7cd9ca0 JavaThread "Unconstrained build operations Thread 161" [_thread_blocked, id=7876, stack(0x00000003ed800000,0x00000003ed900000)]
  0x0000012ef7cdb0e0 JavaThread "Unconstrained build operations Thread 162" [_thread_blocked, id=29284, stack(0x00000003ed900000,0x00000003eda00000)]
  0x0000012ef7cdabd0 JavaThread "Unconstrained build operations Thread 163" [_thread_blocked, id=33424, stack(0x00000003edc00000,0x00000003edd00000)]
  0x0000012ef7cdbb00 JavaThread "Unconstrained build operations Thread 164" [_thread_blocked, id=24692, stack(0x00000003edd00000,0x00000003ede00000)]
  0x0000012ef7cdc520 JavaThread "Unconstrained build operations Thread 165" [_thread_blocked, id=31768, stack(0x00000003ede00000,0x00000003edf00000)]
  0x0000012ef7cd8d70 JavaThread "Unconstrained build operations Thread 166" [_thread_blocked, id=29168, stack(0x00000003edf00000,0x00000003ee000000)]
  0x0000012ef7cdca30 JavaThread "Unconstrained build operations Thread 167" [_thread_blocked, id=32716, stack(0x00000003ee000000,0x00000003ee100000)]
  0x0000012ef7cda1b0 JavaThread "Unconstrained build operations Thread 168" [_thread_blocked, id=15612, stack(0x00000003ee100000,0x00000003ee200000)]
  0x0000012ef7cd9280 JavaThread "Unconstrained build operations Thread 169" [_thread_blocked, id=33548, stack(0x00000003ee200000,0x00000003ee300000)]
  0x0000012efa17a950 JavaThread "Unconstrained build operations Thread 170" [_thread_blocked, id=27876, stack(0x00000003ee300000,0x00000003ee400000)]
  0x0000012efa17a440 JavaThread "Unconstrained build operations Thread 171" [_thread_blocked, id=33708, stack(0x00000003ee400000,0x00000003ee500000)]
  0x0000012efa17c7b0 JavaThread "Unconstrained build operations Thread 172" [_thread_blocked, id=33368, stack(0x00000003ee500000,0x00000003ee600000)]
  0x0000012efa179000 JavaThread "Unconstrained build operations Thread 173" [_thread_blocked, id=32280, stack(0x00000003ee600000,0x00000003ee700000)]
  0x0000012efa17bd90 JavaThread "Unconstrained build operations Thread 174" [_thread_blocked, id=34284, stack(0x00000003ee700000,0x00000003ee800000)]
  0x0000012efa17b880 JavaThread "Unconstrained build operations Thread 175" [_thread_blocked, id=8896, stack(0x00000003ee800000,0x00000003ee900000)]
  0x0000012efa17b370 JavaThread "Unconstrained build operations Thread 176" [_thread_blocked, id=13736, stack(0x00000003ee900000,0x00000003eea00000)]
  0x0000012efa179f30 JavaThread "Unconstrained build operations Thread 177" [_thread_blocked, id=7744, stack(0x00000003eea00000,0x00000003eeb00000)]
  0x0000012efa17c2a0 JavaThread "Unconstrained build operations Thread 178" [_thread_blocked, id=4956, stack(0x00000003eeb00000,0x00000003eec00000)]
  0x0000012efa17ccc0 JavaThread "Unconstrained build operations Thread 179" [_thread_blocked, id=13744, stack(0x00000003eec00000,0x00000003eed00000)]
  0x0000012efa179a20 JavaThread "Unconstrained build operations Thread 180" [_thread_blocked, id=35180, stack(0x00000003eed00000,0x00000003eee00000)]
  0x0000012efa17ae60 JavaThread "Unconstrained build operations Thread 181" [_thread_blocked, id=27808, stack(0x00000003eee00000,0x00000003eef00000)]
  0x0000012efa179510 JavaThread "Unconstrained build operations Thread 182" [_thread_blocked, id=36140, stack(0x00000003eef00000,0x00000003ef000000)]
  0x0000012efa17fa50 JavaThread "Unconstrained build operations Thread 183" [_thread_blocked, id=36804, stack(0x00000003ef000000,0x00000003ef100000)]
  0x0000012efa180980 JavaThread "Unconstrained build operations Thread 184" [_thread_blocked, id=33668, stack(0x00000003ef100000,0x00000003ef200000)]
  0x0000012efa180470 JavaThread "Unconstrained build operations Thread 185" [_thread_blocked, id=17300, stack(0x00000003ef200000,0x00000003ef300000)]
  0x0000012efa17ff60 JavaThread "Unconstrained build operations Thread 186" [_thread_blocked, id=5344, stack(0x00000003ef300000,0x00000003ef400000)]
  0x0000012efa17d1d0 JavaThread "Unconstrained build operations Thread 187" [_thread_blocked, id=36152, stack(0x00000003ef400000,0x00000003ef500000)]
  0x0000012efa17f030 JavaThread "Unconstrained build operations Thread 188" [_thread_blocked, id=5292, stack(0x00000003ef500000,0x00000003ef600000)]
  0x0000012efa17f540 JavaThread "Unconstrained build operations Thread 189" [_thread_blocked, id=2536, stack(0x00000003ef600000,0x00000003ef700000)]
  0x0000012efa17d6e0 JavaThread "Unconstrained build operations Thread 190" [_thread_blocked, id=8860, stack(0x00000003ef700000,0x00000003ef800000)]
  0x0000012efa17e610 JavaThread "Unconstrained build operations Thread 191" [_thread_blocked, id=6044, stack(0x00000003ef800000,0x00000003ef900000)]
  0x0000012efa17dbf0 JavaThread "Unconstrained build operations Thread 192" [_thread_blocked, id=33740, stack(0x00000003ef900000,0x00000003efa00000)]
  0x0000012efd2d9a30 JavaThread "Unconstrained build operations Thread 193" [_thread_blocked, id=15356, stack(0x00000003efa00000,0x00000003efb00000)]
  0x0000012efa3728d0 JavaThread "Unconstrained build operations Thread 194" [_thread_blocked, id=10168, stack(0x00000003efb00000,0x00000003efc00000)]
  0x0000012efa371eb0 JavaThread "included builds" [_thread_blocked, id=12236, stack(0x00000003efc00000,0x00000003efd00000)]
  0x0000012efd72e370 JavaThread "Execution worker" [_thread_blocked, id=30624, stack(0x00000003efd00000,0x00000003efe00000)]
  0x0000012efd72d950 JavaThread "Execution worker Thread 2" [_thread_blocked, id=32220, stack(0x00000003efe00000,0x00000003eff00000)]
  0x0000012efd72c510 JavaThread "Execution worker Thread 3" [_thread_blocked, id=23100, stack(0x00000003eff00000,0x00000003f0000000)]
  0x0000012efd72ca20 JavaThread "Execution worker Thread 4" [_thread_blocked, id=32600, stack(0x00000003f0000000,0x00000003f0100000)]
  0x0000012efd72f2a0 JavaThread "Execution worker Thread 5" [_thread_blocked, id=17324, stack(0x00000003f0100000,0x00000003f0200000)]
  0x0000012efd72e880 JavaThread "Execution worker Thread 6" [_thread_blocked, id=10372, stack(0x00000003f0200000,0x00000003f0300000)]
  0x0000012efd72ed90 JavaThread "Execution worker Thread 7" [_thread_blocked, id=33132, stack(0x00000003f0300000,0x00000003f0400000)]
  0x0000012efd72c000 JavaThread "Execution worker Thread 8" [_thread_blocked, id=29688, stack(0x00000003f0400000,0x00000003f0500000)]
  0x0000012efd72baf0 JavaThread "Execution worker Thread 9" [_thread_blocked, id=36220, stack(0x00000003f0500000,0x00000003f0600000)]
  0x0000012efd72cf30 JavaThread "Execution worker Thread 10" [_thread_blocked, id=32440, stack(0x00000003f0600000,0x00000003f0700000)]
  0x0000012efd72de60 JavaThread "Execution worker Thread 11" [_thread_blocked, id=32336, stack(0x00000003f0700000,0x00000003f0800000)]
  0x0000012efa387ea0 JavaThread "Execution worker Thread 12" [_thread_blocked, id=8276, stack(0x00000003f0800000,0x00000003f0900000)]
  0x0000012efa3888c0 JavaThread "Execution worker Thread 13" [_thread_blocked, id=34672, stack(0x00000003f0900000,0x00000003f0a00000)]
  0x0000012efa386550 JavaThread "Execution worker Thread 14" [_thread_blocked, id=34676, stack(0x00000003f0a00000,0x00000003f0b00000)]
  0x0000012efa387990 JavaThread "Execution worker Thread 15" [_thread_blocked, id=35876, stack(0x00000003f0b00000,0x00000003f0c00000)]
  0x0000012efa3897f0 JavaThread "Execution worker Thread 16" [_thread_blocked, id=35872, stack(0x00000003f0c00000,0x00000003f0d00000)]
  0x0000012efa388dd0 JavaThread "Execution worker Thread 17" [_thread_blocked, id=35908, stack(0x00000003f0d00000,0x00000003f0e00000)]
  0x0000012efa386040 JavaThread "Execution worker Thread 18" [_thread_blocked, id=35952, stack(0x00000003f0e00000,0x00000003f0f00000)]
  0x0000012efa389d00 JavaThread "Execution worker Thread 19" [_thread_blocked, id=34740, stack(0x00000003f0f00000,0x00000003f1000000)]
  0x0000012efa38a210 JavaThread "Execution worker Thread 20" [_thread_blocked, id=34900, stack(0x00000003f1000000,0x00000003f1100000)]
  0x0000012efa387480 JavaThread "Execution worker Thread 21" [_thread_blocked, id=17188, stack(0x00000003f1100000,0x00000003f1200000)]
  0x0000012efa386a60 JavaThread "Execution worker Thread 22" [_thread_blocked, id=27760, stack(0x00000003f1200000,0x00000003f1300000)]
  0x0000012efd16cc20 JavaThread "Cache worker for execution history cache (C:\Users\sh163\Desktop\github\CodeIT\1-sprint-mission\.gradle\8.12.1\executionHistory)" [_thread_blocked, id=34572, stack(0x00000003f1300000,0x00000003f1400000)]
  0x0000012efa38a720 JavaThread "Execution worker Thread 23" [_thread_blocked, id=34748, stack(0x00000003f1400000,0x00000003f1500000)]
  0x0000012efd16bcf0 JavaThread "Unconstrained build operations Thread 195" [_thread_blocked, id=10128, stack(0x00000003f1500000,0x00000003f1600000)]
  0x0000012efd16b7e0 JavaThread "Unconstrained build operations Thread 196" [_thread_blocked, id=13888, stack(0x00000003f1600000,0x00000003f1700000)]
  0x0000012efd16c200 JavaThread "Unconstrained build operations Thread 197" [_thread_blocked, id=34304, stack(0x00000003f1700000,0x00000003f1800000)]
  0x0000012efd16b2d0 JavaThread "Unconstrained build operations Thread 198" [_thread_blocked, id=34892, stack(0x00000003f1800000,0x00000003f1900000)]
  0x0000012efd16c710 JavaThread "Unconstrained build operations Thread 199" [_thread_blocked, id=4840, stack(0x00000003f1900000,0x00000003f1a00000)]
  0x0000012e862c2bc0 JavaThread "Unconstrained build operations Thread 200" [_thread_blocked, id=27276, stack(0x00000003f1a00000,0x00000003f1b00000)]
  0x0000012e862c35e0 JavaThread "Unconstrained build operations Thread 201" [_thread_blocked, id=34940, stack(0x00000003f1b00000,0x00000003f1c00000)]
  0x0000012e862c30d0 JavaThread "Unconstrained build operations Thread 202" [_thread_blocked, id=24156, stack(0x00000003f1c00000,0x00000003f1d00000)]
  0x0000012e862c4510 JavaThread "Unconstrained build operations Thread 203" [_thread_blocked, id=35772, stack(0x00000003f1d00000,0x00000003f1e00000)]
  0x0000012e862c3af0 JavaThread "Unconstrained build operations Thread 204" [_thread_blocked, id=34988, stack(0x00000003f1e00000,0x00000003f1f00000)]
  0x0000012e862c4000 JavaThread "Unconstrained build operations Thread 205" [_thread_blocked, id=35232, stack(0x00000003f1f00000,0x00000003f2000000)]
  0x0000012edcaf2760 JavaThread "Unconstrained build operations Thread 206" [_thread_blocked, id=30724, stack(0x00000003f2000000,0x00000003f2100000)]
  0x0000012edcaf4fe0 JavaThread "Unconstrained build operations Thread 207" [_thread_blocked, id=33728, stack(0x00000003f2100000,0x00000003f2200000)]
  0x0000012edcaf40b0 JavaThread "Unconstrained build operations Thread 208" [_thread_blocked, id=35260, stack(0x00000003f2200000,0x00000003f2300000)]
  0x0000012edcaf5a00 JavaThread "Unconstrained build operations Thread 209" [_thread_blocked, id=25312, stack(0x00000003f2300000,0x00000003f2400000)]
  0x0000012edcaf4ad0 JavaThread "Unconstrained build operations Thread 212" [_thread_blocked, id=35900, stack(0x00000003f2600000,0x00000003f2700000)]
  0x0000012edcaf54f0 JavaThread "Unconstrained build operations Thread 213" [_thread_blocked, id=34400, stack(0x00000003f2700000,0x00000003f2800000)]
  0x0000012edcaf5f10 JavaThread "Unconstrained build operations Thread 214" [_thread_blocked, id=35208, stack(0x00000003f2800000,0x00000003f2900000)]
  0x0000012edcaf3ba0 JavaThread "Unconstrained build operations Thread 215" [_thread_blocked, id=31340, stack(0x00000003f2900000,0x00000003f2a00000)]
  0x0000012edcaf3180 JavaThread "Unconstrained build operations Thread 216" [_thread_blocked, id=22040, stack(0x00000003f2a00000,0x00000003f2b00000)]
  0x0000012edcaf3690 JavaThread "Unconstrained build operations Thread 217" [_thread_blocked, id=7888, stack(0x00000003f2b00000,0x00000003f2c00000)]
  0x0000012edcaf3690 JavaThread "Unconstrained build operations Thread 217" [_thread_blocked, id=7888, stack(0x00000003f2b00000,0x00000003f2c00000)]

Other Threads:
  0x0000012edca81d00 VMThread "VM Thread" [stack: 0x00000003de400000,0x00000003de500000] [id=28504]
  0x0000012ec09aad00 WatcherThread [stack: 0x00000003df400000,0x00000003df500000] [id=31008]
  0x0000012ec09db580 GCTaskThread "GC Thread#0" [stack: 0x00000003ddf00000,0x00000003de000000] [id=23688]
  0x0000012edcd0cbb0 GCTaskThread "GC Thread#1" [stack: 0x00000003df200000,0x00000003df300000] [id=18352]
  0x0000012edcdfe260 GCTaskThread "GC Thread#2" [stack: 0x00000003df500000,0x00000003df600000] [id=31680]
  0x0000012edcdfe520 GCTaskThread "GC Thread#3" [stack: 0x00000003df600000,0x00000003df700000] [id=28296]
  0x0000012ef632e080 GCTaskThread "GC Thread#4" [stack: 0x00000003df700000,0x00000003df800000] [id=27404]
  0x0000012ef632e340 GCTaskThread "GC Thread#5" [stack: 0x00000003df800000,0x00000003df900000] [id=6688]
  0x0000012ef6c37060 GCTaskThread "GC Thread#6" [stack: 0x00000003e0a00000,0x00000003e0b00000] [id=30756]
  0x0000012ef6c37b60 GCTaskThread "GC Thread#7" [stack: 0x00000003e0b00000,0x00000003e0c00000] [id=30040]
  0x0000012ef6c38be0 GCTaskThread "GC Thread#8" [stack: 0x00000003e0c00000,0x00000003e0d00000] [id=21000]
  0x0000012ef6c37320 GCTaskThread "GC Thread#9" [stack: 0x00000003e0d00000,0x00000003e0e00000] [id=3916]
  0x0000012ef6c378a0 GCTaskThread "GC Thread#10" [stack: 0x00000003e0e00000,0x00000003e0f00000] [id=28308]
  0x0000012ef6c38660 GCTaskThread "GC Thread#11" [stack: 0x00000003e0f00000,0x00000003e1000000] [id=28864]
  0x0000012ef6c37e20 GCTaskThread "GC Thread#12" [stack: 0x00000003e1000000,0x00000003e1100000] [id=4360]
  0x0000012ef6c375e0 GCTaskThread "GC Thread#13" [stack: 0x00000003e1100000,0x00000003e1200000] [id=22064]
  0x0000012efad03a20 GCTaskThread "GC Thread#14" [stack: 0x00000003e1200000,0x00000003e1300000] [id=10216]
  0x0000012efad01ea0 GCTaskThread "GC Thread#15" [stack: 0x00000003e1300000,0x00000003e1400000] [id=5316]
  0x0000012efad01be0 GCTaskThread "GC Thread#16" [stack: 0x00000003e1400000,0x00000003e1500000] [id=24016]
  0x0000012efad005e0 GCTaskThread "GC Thread#17" [stack: 0x00000003e1500000,0x00000003e1600000] [id=22584]
  0x0000012ec09e34a0 ConcurrentGCThread "G1 Main Marker" [stack: 0x00000003de000000,0x00000003de100000] [id=29660]
=>0x0000012ec09e4aa0 ConcurrentGCThread "G1 Conc#0" [stack: 0x00000003de100000,0x00000003de200000] [id=3512]
  0x0000012efad00320 ConcurrentGCThread "G1 Conc#1" [stack: 0x00000003e1600000,0x00000003e1700000] [id=2204]
  0x0000012efad02420 ConcurrentGCThread "G1 Conc#2" [stack: 0x00000003e1700000,0x00000003e1800000] [id=31444]
  0x0000012efad02160 ConcurrentGCThread "G1 Conc#3" [stack: 0x00000003e1800000,0x00000003e1900000] [id=7692]
  0x0000012efad03760 ConcurrentGCThread "G1 Conc#4" [stack: 0x00000003e1900000,0x00000003e1a00000] [id=23640]
  0x0000012ec0a5e3a0 ConcurrentGCThread "G1 Refine#0" [stack: 0x00000003de200000,0x00000003de300000] [id=23664]
  0x0000012ef793b060 ConcurrentGCThread "G1 Refine#1" [stack: 0x00000003e2a00000,0x00000003e2b00000] [id=29548]
  0x0000012ef793dc70 ConcurrentGCThread "G1 Refine#2" [stack: 0x00000003e2b00000,0x00000003e2c00000] [id=28084]
  0x0000012ef793c7e0 ConcurrentGCThread "G1 Refine#3" [stack: 0x00000003e2c00000,0x00000003e2d00000] [id=6468]
  0x0000012ef793c200 ConcurrentGCThread "G1 Refine#4" [stack: 0x00000003e2d00000,0x00000003e2e00000] [id=27944]
  0x0000012ef826f8f0 ConcurrentGCThread "G1 Refine#5" [stack: 0x00000003f6700000,0x00000003f6800000] [id=25496]
  0x0000012efd557b00 ConcurrentGCThread "G1 Refine#6" [stack: 0x00000003f6800000,0x00000003f6900000] [id=21748]
  0x0000012ec0a5eb90 ConcurrentGCThread "G1 Service" [stack: 0x00000003de300000,0x00000003de400000] [id=29872]

Threads with active compile tasks:

VM state: not at safepoint (normal execution)

VM Mutex/Monitor currently owned by a thread: None

Heap address: 0x00000000e0000000, size: 512 MB, Compressed Oops mode: 32-bit

CDS archive(s) mapped at: [0x0000012edd000000-0x0000012eddbb0000-0x0000012eddbb0000), size 12255232, SharedBaseAddress: 0x0000012edd000000, ArchiveRelocationMode: 1.
Compressed class space mapped at: 0x0000012ede000000-0x0000012ef2000000, reserved size: 335544320
Narrow klass base: 0x0000012edd000000, Narrow klass shift: 0, Narrow klass range: 0x100000000

GC Precious Log:
 CPUs: 24 total, 24 available
 Memory: 31849M
 Large Page Support: Disabled
 NUMA Support: Disabled
 Compressed Oops: Enabled (32-bit)
 Heap Region Size: 1M
 Heap Min Capacity: 256M
 Heap Initial Capacity: 256M
 Heap Max Capacity: 512M
 Pre-touch: Disabled
 Parallel Workers: 18
 Concurrent Workers: 5
 Concurrent Refinement Workers: 18
 Periodic GC: Disabled

Heap:
 garbage-first heap   total 468992K, used 182744K [0x00000000e0000000, 0x0000000100000000)
  region size 1024K, 48 young (49152K), 18 survivors (18432K)
 Metaspace       used 101854K, committed 104064K, reserved 458752K
  class space    used 13130K, committed 14592K, reserved 327680K

Heap Regions: E=young(eden), S=young(survivor), O=old, HS=humongous(starts), HC=humongous(continues), CS=collection set, F=free, OA=open archive, CA=closed archive, TAMS=top-at-mark-start (previous, next)
|   0|0x00000000e0000000, 0x00000000e0100000, 0x00000000e0100000|100%|HS|  |TAMS 0x00000000e0100000, 0x00000000e0100000| Complete 
|   1|0x00000000e0100000, 0x00000000e0200000, 0x00000000e0200000|100%|HC|  |TAMS 0x00000000e0200000, 0x00000000e0200000| Complete 
|   2|0x00000000e0200000, 0x00000000e0300000, 0x00000000e0300000|100%|HC|  |TAMS 0x00000000e0300000, 0x00000000e0300000| Complete 
|   3|0x00000000e0300000, 0x00000000e0400000, 0x00000000e0400000|100%| O|  |TAMS 0x00000000e0400000, 0x00000000e0400000| Untracked 
|   4|0x00000000e0400000, 0x00000000e0500000, 0x00000000e0500000|100%| O|  |TAMS 0x00000000e0500000, 0x00000000e0500000| Untracked 
|   5|0x00000000e0500000, 0x00000000e0600000, 0x00000000e0600000|100%| O|  |TAMS 0x00000000e0600000, 0x00000000e0600000| Untracked 
|   6|0x00000000e0600000, 0x00000000e0700000, 0x00000000e0700000|100%|HS|  |TAMS 0x00000000e0700000, 0x00000000e0700000| Complete 
|   7|0x00000000e0700000, 0x00000000e0800000, 0x00000000e0800000|100%| O|  |TAMS 0x00000000e0800000, 0x00000000e0800000| Untracked 
|   8|0x00000000e0800000, 0x00000000e0900000, 0x00000000e0900000|100%| O|  |TAMS 0x00000000e0900000, 0x00000000e0900000| Untracked 
|   9|0x00000000e0900000, 0x00000000e0a00000, 0x00000000e0a00000|100%| O|  |TAMS 0x00000000e0a00000, 0x00000000e0a00000| Untracked 
|  10|0x00000000e0a00000, 0x00000000e0b00000, 0x00000000e0b00000|100%| O|  |TAMS 0x00000000e0b00000, 0x00000000e0b00000| Untracked 
|  11|0x00000000e0b00000, 0x00000000e0c00000, 0x00000000e0c00000|100%| O|  |TAMS 0x00000000e0c00000, 0x00000000e0c00000| Untracked 
|  12|0x00000000e0c00000, 0x00000000e0d00000, 0x00000000e0d00000|100%| O|  |TAMS 0x00000000e0d00000, 0x00000000e0d00000| Untracked 
|  13|0x00000000e0d00000, 0x00000000e0e00000, 0x00000000e0e00000|100%| O|  |TAMS 0x00000000e0e00000, 0x00000000e0e00000| Untracked 
|  14|0x00000000e0e00000, 0x00000000e0f00000, 0x00000000e0f00000|100%| O|  |TAMS 0x00000000e0f00000, 0x00000000e0f00000| Untracked 
|  15|0x00000000e0f00000, 0x00000000e1000000, 0x00000000e1000000|100%| O|  |TAMS 0x00000000e1000000, 0x00000000e1000000| Untracked 
|  16|0x00000000e1000000, 0x00000000e1100000, 0x00000000e1100000|100%| O|  |TAMS 0x00000000e1100000, 0x00000000e1100000| Untracked 
|  17|0x00000000e1100000, 0x00000000e1200000, 0x00000000e1200000|100%| O|  |TAMS 0x00000000e1200000, 0x00000000e1200000| Untracked 
|  18|0x00000000e1200000, 0x00000000e1300000, 0x00000000e1300000|100%| O|  |TAMS 0x00000000e1300000, 0x00000000e1300000| Untracked 
|  19|0x00000000e1300000, 0x00000000e1400000, 0x00000000e1400000|100%| O|  |TAMS 0x00000000e1400000, 0x00000000e1400000| Untracked 
|  20|0x00000000e1400000, 0x00000000e1500000, 0x00000000e1500000|100%| O|  |TAMS 0x00000000e1500000, 0x00000000e1500000| Untracked 
|  21|0x00000000e1500000, 0x00000000e1600000, 0x00000000e1600000|100%| O|  |TAMS 0x00000000e1600000, 0x00000000e1600000| Untracked 
|  22|0x00000000e1600000, 0x00000000e1700000, 0x00000000e1700000|100%| O|  |TAMS 0x00000000e1700000, 0x00000000e1700000| Untracked 
|  23|0x00000000e1700000, 0x00000000e1800000, 0x00000000e1800000|100%|HS|  |TAMS 0x00000000e1800000, 0x00000000e1800000| Complete 
|  24|0x00000000e1800000, 0x00000000e1900000, 0x00000000e1900000|100%| O|  |TAMS 0x00000000e1900000, 0x00000000e1900000| Untracked 
|  25|0x00000000e1900000, 0x00000000e1a00000, 0x00000000e1a00000|100%| O|  |TAMS 0x00000000e1a00000, 0x00000000e1a00000| Untracked 
|  26|0x00000000e1a00000, 0x00000000e1b00000, 0x00000000e1b00000|100%| O|  |TAMS 0x00000000e1b00000, 0x00000000e1b00000| Untracked 
|  27|0x00000000e1b00000, 0x00000000e1c00000, 0x00000000e1c00000|100%| O|  |TAMS 0x00000000e1c00000, 0x00000000e1c00000| Untracked 
|  28|0x00000000e1c00000, 0x00000000e1d00000, 0x00000000e1d00000|100%| O|  |TAMS 0x00000000e1d00000, 0x00000000e1d00000| Untracked 
|  29|0x00000000e1d00000, 0x00000000e1e00000, 0x00000000e1e00000|100%| O|  |TAMS 0x00000000e1e00000, 0x00000000e1e00000| Untracked 
|  30|0x00000000e1e00000, 0x00000000e1f00000, 0x00000000e1f00000|100%| O|  |TAMS 0x00000000e1f00000, 0x00000000e1f00000| Untracked 
|  31|0x00000000e1f00000, 0x00000000e2000000, 0x00000000e2000000|100%| O|  |TAMS 0x00000000e2000000, 0x00000000e2000000| Untracked 
|  32|0x00000000e2000000, 0x00000000e2100000, 0x00000000e2100000|100%| O|  |TAMS 0x00000000e2100000, 0x00000000e2100000| Untracked 
|  33|0x00000000e2100000, 0x00000000e2200000, 0x00000000e2200000|100%| O|  |TAMS 0x00000000e2200000, 0x00000000e2200000| Untracked 
|  34|0x00000000e2200000, 0x00000000e2300000, 0x00000000e2300000|100%| O|  |TAMS 0x00000000e2300000, 0x00000000e2300000| Untracked 
|  35|0x00000000e2300000, 0x00000000e2400000, 0x00000000e2400000|100%| O|  |TAMS 0x00000000e2400000, 0x00000000e2400000| Untracked 
|  36|0x00000000e2400000, 0x00000000e2500000, 0x00000000e2500000|100%| O|  |TAMS 0x00000000e2500000, 0x00000000e2500000| Untracked 
|  37|0x00000000e2500000, 0x00000000e2600000, 0x00000000e2600000|100%| O|  |TAMS 0x00000000e2600000, 0x00000000e2600000| Untracked 
|  38|0x00000000e2600000, 0x00000000e2700000, 0x00000000e2700000|100%| O|  |TAMS 0x00000000e2700000, 0x00000000e2700000| Untracked 
|  39|0x00000000e2700000, 0x00000000e2800000, 0x00000000e2800000|100%| O|  |TAMS 0x00000000e2800000, 0x00000000e2800000| Untracked 
|  40|0x00000000e2800000, 0x00000000e2900000, 0x00000000e2900000|100%| O|  |TAMS 0x00000000e2900000, 0x00000000e2900000| Untracked 
|  41|0x00000000e2900000, 0x00000000e2a00000, 0x00000000e2a00000|100%| O|  |TAMS 0x00000000e2a00000, 0x00000000e2a00000| Untracked 
|  42|0x00000000e2a00000, 0x00000000e2b00000, 0x00000000e2b00000|100%| O|  |TAMS 0x00000000e2b00000, 0x00000000e2b00000| Untracked 
|  43|0x00000000e2b00000, 0x00000000e2c00000, 0x00000000e2c00000|100%| O|  |TAMS 0x00000000e2c00000, 0x00000000e2c00000| Untracked 
|  44|0x00000000e2c00000, 0x00000000e2d00000, 0x00000000e2d00000|100%| O|  |TAMS 0x00000000e2d00000, 0x00000000e2d00000| Untracked 
|  45|0x00000000e2d00000, 0x00000000e2e00000, 0x00000000e2e00000|100%| O|  |TAMS 0x00000000e2e00000, 0x00000000e2e00000| Untracked 
|  46|0x00000000e2e00000, 0x00000000e2f00000, 0x00000000e2f00000|100%| O|  |TAMS 0x00000000e2f00000, 0x00000000e2f00000| Untracked 
|  47|0x00000000e2f00000, 0x00000000e3000000, 0x00000000e3000000|100%| O|  |TAMS 0x00000000e3000000, 0x00000000e3000000| Untracked 
|  48|0x00000000e3000000, 0x00000000e3100000, 0x00000000e3100000|100%| O|  |TAMS 0x00000000e3100000, 0x00000000e3100000| Untracked 
|  49|0x00000000e3100000, 0x00000000e3200000, 0x00000000e3200000|100%| O|  |TAMS 0x00000000e3200000, 0x00000000e3200000| Untracked 
|  50|0x00000000e3200000, 0x00000000e3300000, 0x00000000e3300000|100%| O|  |TAMS 0x00000000e3300000, 0x00000000e3300000| Untracked 
|  51|0x00000000e3300000, 0x00000000e3400000, 0x00000000e3400000|100%| O|  |TAMS 0x00000000e3400000, 0x00000000e3400000| Untracked 
|  52|0x00000000e3400000, 0x00000000e3500000, 0x00000000e3500000|100%| O|  |TAMS 0x00000000e3500000, 0x00000000e3500000| Untracked 
|  53|0x00000000e3500000, 0x00000000e3600000, 0x00000000e3600000|100%| O|  |TAMS 0x00000000e3600000, 0x00000000e3600000| Untracked 
|  54|0x00000000e3600000, 0x00000000e3700000, 0x00000000e3700000|100%| O|  |TAMS 0x00000000e3700000, 0x00000000e3700000| Untracked 
|  55|0x00000000e3700000, 0x00000000e3700000, 0x00000000e3800000|  0%| F|  |TAMS 0x00000000e3700000, 0x00000000e3700000| Untracked 
|  56|0x00000000e3800000, 0x00000000e3900000, 0x00000000e3900000|100%| O|  |TAMS 0x00000000e3900000, 0x00000000e3900000| Untracked 
|  57|0x00000000e3900000, 0x00000000e3a00000, 0x00000000e3a00000|100%| O|  |TAMS 0x00000000e3900000, 0x00000000e3a00000| Untracked 
|  58|0x00000000e3a00000, 0x00000000e3b00000, 0x00000000e3b00000|100%| O|  |TAMS 0x00000000e3b00000, 0x00000000e3b00000| Untracked 
|  59|0x00000000e3b00000, 0x00000000e3c00000, 0x00000000e3c00000|100%| O|  |TAMS 0x00000000e3c00000, 0x00000000e3c00000| Untracked 
|  60|0x00000000e3c00000, 0x00000000e3d00000, 0x00000000e3d00000|100%| O|  |TAMS 0x00000000e3d00000, 0x00000000e3d00000| Untracked 
|  61|0x00000000e3d00000, 0x00000000e3d00000, 0x00000000e3e00000|  0%| F|  |TAMS 0x00000000e3d00000, 0x00000000e3d00000| Untracked 
|  62|0x00000000e3e00000, 0x00000000e3f00000, 0x00000000e3f00000|100%| O|  |TAMS 0x00000000e3f00000, 0x00000000e3f00000| Untracked 
|  63|0x00000000e3f00000, 0x00000000e4000000, 0x00000000e4000000|100%| O|  |TAMS 0x00000000e4000000, 0x00000000e4000000| Untracked 
|  64|0x00000000e4000000, 0x00000000e4100000, 0x00000000e4100000|100%| O|  |TAMS 0x00000000e4100000, 0x00000000e4100000| Untracked 
|  65|0x00000000e4100000, 0x00000000e4200000, 0x00000000e4200000|100%| O|  |TAMS 0x00000000e4200000, 0x00000000e4200000| Untracked 
|  66|0x00000000e4200000, 0x00000000e4300000, 0x00000000e4300000|100%| O|  |TAMS 0x00000000e4200000, 0x00000000e4300000| Untracked 
|  67|0x00000000e4300000, 0x00000000e4400000, 0x00000000e4400000|100%| O|  |TAMS 0x00000000e4400000, 0x00000000e4400000| Untracked 
|  68|0x00000000e4400000, 0x00000000e4500000, 0x00000000e4500000|100%| O|  |TAMS 0x00000000e4500000, 0x00000000e4500000| Untracked 
|  69|0x00000000e4500000, 0x00000000e4600000, 0x00000000e4600000|100%| O|  |TAMS 0x00000000e4600000, 0x00000000e4600000| Untracked 
|  70|0x00000000e4600000, 0x00000000e4700000, 0x00000000e4700000|100%| O|  |TAMS 0x00000000e4700000, 0x00000000e4700000| Untracked 
|  71|0x00000000e4700000, 0x00000000e4800000, 0x00000000e4800000|100%| O|  |TAMS 0x00000000e4800000, 0x00000000e4800000| Untracked 
|  72|0x00000000e4800000, 0x00000000e4900000, 0x00000000e4900000|100%| O|  |TAMS 0x00000000e4900000, 0x00000000e4900000| Untracked 
|  73|0x00000000e4900000, 0x00000000e4a00000, 0x00000000e4a00000|100%| O|  |TAMS 0x00000000e4a00000, 0x00000000e4a00000| Untracked 
|  74|0x00000000e4a00000, 0x00000000e4b00000, 0x00000000e4b00000|100%| O|  |TAMS 0x00000000e4b00000, 0x00000000e4b00000| Untracked 
|  75|0x00000000e4b00000, 0x00000000e4c00000, 0x00000000e4c00000|100%| O|  |TAMS 0x00000000e4c00000, 0x00000000e4c00000| Untracked 
|  76|0x00000000e4c00000, 0x00000000e4d00000, 0x00000000e4d00000|100%| O|  |TAMS 0x00000000e4c00000, 0x00000000e4d00000| Untracked 
|  77|0x00000000e4d00000, 0x00000000e4e00000, 0x00000000e4e00000|100%| O|  |TAMS 0x00000000e4d00000, 0x00000000e4e00000| Untracked 
|  78|0x00000000e4e00000, 0x00000000e4f00000, 0x00000000e4f00000|100%| O|  |TAMS 0x00000000e4e00000, 0x00000000e4f00000| Untracked 
|  79|0x00000000e4f00000, 0x00000000e5000000, 0x00000000e5000000|100%| O|  |TAMS 0x00000000e5000000, 0x00000000e5000000| Untracked 
|  80|0x00000000e5000000, 0x00000000e5100000, 0x00000000e5100000|100%| O|  |TAMS 0x00000000e5000000, 0x00000000e5100000| Untracked 
|  81|0x00000000e5100000, 0x00000000e5200000, 0x00000000e5200000|100%| O|  |TAMS 0x00000000e5200000, 0x00000000e5200000| Untracked 
|  82|0x00000000e5200000, 0x00000000e5300000, 0x00000000e5300000|100%| O|  |TAMS 0x00000000e5300000, 0x00000000e5300000| Untracked 
|  83|0x00000000e5300000, 0x00000000e5400000, 0x00000000e5400000|100%| O|  |TAMS 0x00000000e5300000, 0x00000000e5400000| Untracked 
|  84|0x00000000e5400000, 0x00000000e5400000, 0x00000000e5500000|  0%| F|  |TAMS 0x00000000e5400000, 0x00000000e5400000| Untracked 
|  85|0x00000000e5500000, 0x00000000e5500000, 0x00000000e5600000|  0%| F|  |TAMS 0x00000000e5500000, 0x00000000e5500000| Untracked 
|  86|0x00000000e5600000, 0x00000000e5600000, 0x00000000e5700000|  0%| F|  |TAMS 0x00000000e5600000, 0x00000000e5600000| Untracked 
|  87|0x00000000e5700000, 0x00000000e5800000, 0x00000000e5800000|100%| O|  |TAMS 0x00000000e5800000, 0x00000000e5800000| Untracked 
|  88|0x00000000e5800000, 0x00000000e5900000, 0x00000000e5900000|100%| O|  |TAMS 0x00000000e5900000, 0x00000000e5900000| Untracked 
|  89|0x00000000e5900000, 0x00000000e5900000, 0x00000000e5a00000|  0%| F|  |TAMS 0x00000000e5900000, 0x00000000e5900000| Untracked 
|  90|0x00000000e5a00000, 0x00000000e5b00000, 0x00000000e5b00000|100%| O|  |TAMS 0x00000000e5b00000, 0x00000000e5b00000| Untracked 
|  91|0x00000000e5b00000, 0x00000000e5c00000, 0x00000000e5c00000|100%| O|  |TAMS 0x00000000e5c00000, 0x00000000e5c00000| Untracked 
|  92|0x00000000e5c00000, 0x00000000e5d00000, 0x00000000e5d00000|100%| O|  |TAMS 0x00000000e5d00000, 0x00000000e5d00000| Untracked 
|  93|0x00000000e5d00000, 0x00000000e5e00000, 0x00000000e5e00000|100%| O|  |TAMS 0x00000000e5e00000, 0x00000000e5e00000| Untracked 
|  94|0x00000000e5e00000, 0x00000000e5f00000, 0x00000000e5f00000|100%| O|  |TAMS 0x00000000e5f00000, 0x00000000e5f00000| Untracked 
|  95|0x00000000e5f00000, 0x00000000e6000000, 0x00000000e6000000|100%| O|  |TAMS 0x00000000e5f00000, 0x00000000e6000000| Untracked 
|  96|0x00000000e6000000, 0x00000000e6100000, 0x00000000e6100000|100%| O|  |TAMS 0x00000000e6100000, 0x00000000e6100000| Untracked 
|  97|0x00000000e6100000, 0x00000000e6100000, 0x00000000e6200000|  0%| F|  |TAMS 0x00000000e6100000, 0x00000000e6100000| Untracked 
|  98|0x00000000e6200000, 0x00000000e6300000, 0x00000000e6300000|100%| O|  |TAMS 0x00000000e6200000, 0x00000000e6300000| Untracked 
|  99|0x00000000e6300000, 0x00000000e6400000, 0x00000000e6400000|100%| O|  |TAMS 0x00000000e6400000, 0x00000000e6400000| Untracked 
| 100|0x00000000e6400000, 0x00000000e6500000, 0x00000000e6500000|100%| O|  |TAMS 0x00000000e6500000, 0x00000000e6500000| Untracked 
| 101|0x00000000e6500000, 0x00000000e6600000, 0x00000000e6600000|100%| O|  |TAMS 0x00000000e6600000, 0x00000000e6600000| Untracked 
| 102|0x00000000e6600000, 0x00000000e6700000, 0x00000000e6700000|100%| O|  |TAMS 0x00000000e6700000, 0x00000000e6700000| Untracked 
| 103|0x00000000e6700000, 0x00000000e6800000, 0x00000000e6800000|100%| O|  |TAMS 0x00000000e6700000, 0x00000000e6800000| Untracked 
| 104|0x00000000e6800000, 0x00000000e6900000, 0x00000000e6900000|100%| O|  |TAMS 0x00000000e6800000, 0x00000000e6900000| Untracked 
| 105|0x00000000e6900000, 0x00000000e6a00000, 0x00000000e6a00000|100%| O|  |TAMS 0x00000000e6a00000, 0x00000000e6a00000| Untracked 
| 106|0x00000000e6a00000, 0x00000000e6b00000, 0x00000000e6b00000|100%| O|  |TAMS 0x00000000e6a00000, 0x00000000e6b00000| Untracked 
| 107|0x00000000e6b00000, 0x00000000e6c00000, 0x00000000e6c00000|100%| O|  |TAMS 0x00000000e6c00000, 0x00000000e6c00000| Untracked 
| 108|0x00000000e6c00000, 0x00000000e6d00000, 0x00000000e6d00000|100%| O|  |TAMS 0x00000000e6d00000, 0x00000000e6d00000| Untracked 
| 109|0x00000000e6d00000, 0x00000000e6d00000, 0x00000000e6e00000|  0%| F|  |TAMS 0x00000000e6d00000, 0x00000000e6d00000| Untracked 
| 110|0x00000000e6e00000, 0x00000000e6f00000, 0x00000000e6f00000|100%| O|  |TAMS 0x00000000e6f00000, 0x00000000e6f00000| Untracked 
| 111|0x00000000e6f00000, 0x00000000e7000000, 0x00000000e7000000|100%| O|  |TAMS 0x00000000e7000000, 0x00000000e7000000| Untracked 
| 112|0x00000000e7000000, 0x00000000e7100000, 0x00000000e7100000|100%| O|  |TAMS 0x00000000e7100000, 0x00000000e7100000| Untracked 
| 113|0x00000000e7100000, 0x00000000e7200000, 0x00000000e7200000|100%| O|  |TAMS 0x00000000e7200000, 0x00000000e7200000| Untracked 
| 114|0x00000000e7200000, 0x00000000e7200000, 0x00000000e7300000|  0%| F|  |TAMS 0x00000000e7200000, 0x00000000e7200000| Untracked 
| 115|0x00000000e7300000, 0x00000000e7400000, 0x00000000e7400000|100%| O|  |TAMS 0x00000000e7400000, 0x00000000e7400000| Untracked 
| 116|0x00000000e7400000, 0x00000000e7500000, 0x00000000e7500000|100%| O|  |TAMS 0x00000000e7500000, 0x00000000e7500000| Untracked 
| 117|0x00000000e7500000, 0x00000000e7500000, 0x00000000e7600000|  0%| F|  |TAMS 0x00000000e7500000, 0x00000000e7500000| Untracked 
| 118|0x00000000e7600000, 0x00000000e7700000, 0x00000000e7700000|100%| O|  |TAMS 0x00000000e7700000, 0x00000000e7700000| Untracked 
| 119|0x00000000e7700000, 0x00000000e7800000, 0x00000000e7800000|100%| O|  |TAMS 0x00000000e7800000, 0x00000000e7800000| Untracked 
| 120|0x00000000e7800000, 0x00000000e7800000, 0x00000000e7900000|  0%| F|  |TAMS 0x00000000e7800000, 0x00000000e7800000| Untracked 
| 121|0x00000000e7900000, 0x00000000e7a00000, 0x00000000e7a00000|100%| O|  |TAMS 0x00000000e7900000, 0x00000000e7a00000| Untracked 
| 122|0x00000000e7a00000, 0x00000000e7b00000, 0x00000000e7b00000|100%| O|  |TAMS 0x00000000e7a00000, 0x00000000e7b00000| Untracked 
| 123|0x00000000e7b00000, 0x00000000e7c00000, 0x00000000e7c00000|100%| O|  |TAMS 0x00000000e7c00000, 0x00000000e7c00000| Untracked 
| 124|0x00000000e7c00000, 0x00000000e7d00000, 0x00000000e7d00000|100%| O|  |TAMS 0x00000000e7c00000, 0x00000000e7d00000| Untracked 
| 125|0x00000000e7d00000, 0x00000000e7e00000, 0x00000000e7e00000|100%| O|  |TAMS 0x00000000e7e00000, 0x00000000e7e00000| Untracked 
| 126|0x00000000e7e00000, 0x00000000e7e00000, 0x00000000e7f00000|  0%| F|  |TAMS 0x00000000e7e00000, 0x00000000e7e00000| Untracked 
| 127|0x00000000e7f00000, 0x00000000e8000000, 0x00000000e8000000|100%| O|  |TAMS 0x00000000e7f00000, 0x00000000e8000000| Untracked 
| 128|0x00000000e8000000, 0x00000000e8000000, 0x00000000e8100000|  0%| F|  |TAMS 0x00000000e8000000, 0x00000000e8000000| Untracked 
| 129|0x00000000e8100000, 0x00000000e81eb200, 0x00000000e8200000| 91%| O|  |TAMS 0x00000000e8100000, 0x00000000e81eb200| Untracked 
| 130|0x00000000e8200000, 0x00000000e8200000, 0x00000000e8300000|  0%| F|  |TAMS 0x00000000e8200000, 0x00000000e8200000| Untracked 
| 131|0x00000000e8300000, 0x00000000e8400000, 0x00000000e8400000|100%| O|  |TAMS 0x00000000e8400000, 0x00000000e8400000| Untracked 
| 132|0x00000000e8400000, 0x00000000e8400000, 0x00000000e8500000|  0%| F|  |TAMS 0x00000000e8400000, 0x00000000e8400000| Untracked 
| 133|0x00000000e8500000, 0x00000000e8500000, 0x00000000e8600000|  0%| F|  |TAMS 0x00000000e8500000, 0x00000000e8500000| Untracked 
| 134|0x00000000e8600000, 0x00000000e8600000, 0x00000000e8700000|  0%| F|  |TAMS 0x00000000e8600000, 0x00000000e8600000| Untracked 
| 135|0x00000000e8700000, 0x00000000e8800000, 0x00000000e8800000|100%| O|  |TAMS 0x00000000e8800000, 0x00000000e8800000| Untracked 
| 136|0x00000000e8800000, 0x00000000e8900000, 0x00000000e8900000|100%| O|  |TAMS 0x00000000e8900000, 0x00000000e8900000| Untracked 
| 137|0x00000000e8900000, 0x00000000e8900000, 0x00000000e8a00000|  0%| F|  |TAMS 0x00000000e8900000, 0x00000000e8900000| Untracked 
| 138|0x00000000e8a00000, 0x00000000e8b00000, 0x00000000e8b00000|100%| O|  |TAMS 0x00000000e8b00000, 0x00000000e8b00000| Untracked 
| 139|0x00000000e8b00000, 0x00000000e8b00000, 0x00000000e8c00000|  0%| F|  |TAMS 0x00000000e8b00000, 0x00000000e8b00000| Untracked 
| 140|0x00000000e8c00000, 0x00000000e8d00000, 0x00000000e8d00000|100%| O|  |TAMS 0x00000000e8d00000, 0x00000000e8d00000| Untracked 
| 141|0x00000000e8d00000, 0x00000000e8d00000, 0x00000000e8e00000|  0%| F|  |TAMS 0x00000000e8d00000, 0x00000000e8d00000| Untracked 
| 142|0x00000000e8e00000, 0x00000000e8e00000, 0x00000000e8f00000|  0%| F|  |TAMS 0x00000000e8e00000, 0x00000000e8e00000| Untracked 
| 143|0x00000000e8f00000, 0x00000000e8f00000, 0x00000000e9000000|  0%| F|  |TAMS 0x00000000e8f00000, 0x00000000e8f00000| Untracked 
| 144|0x00000000e9000000, 0x00000000e9000000, 0x00000000e9100000|  0%| F|  |TAMS 0x00000000e9000000, 0x00000000e9000000| Untracked 
| 145|0x00000000e9100000, 0x00000000e9100000, 0x00000000e9200000|  0%| F|  |TAMS 0x00000000e9100000, 0x00000000e9100000| Untracked 
| 146|0x00000000e9200000, 0x00000000e9300000, 0x00000000e9300000|100%| O|  |TAMS 0x00000000e9300000, 0x00000000e9300000| Untracked 
| 147|0x00000000e9300000, 0x00000000e9400000, 0x00000000e9400000|100%| O|  |TAMS 0x00000000e9400000, 0x00000000e9400000| Untracked 
| 148|0x00000000e9400000, 0x00000000e9400000, 0x00000000e9500000|  0%| F|  |TAMS 0x00000000e9400000, 0x00000000e9400000| Untracked 
| 149|0x00000000e9500000, 0x00000000e9500000, 0x00000000e9600000|  0%| F|  |TAMS 0x00000000e9500000, 0x00000000e9500000| Untracked 
| 150|0x00000000e9600000, 0x00000000e9600000, 0x00000000e9700000|  0%| F|  |TAMS 0x00000000e9600000, 0x00000000e9600000| Untracked 
| 151|0x00000000e9700000, 0x00000000e9700000, 0x00000000e9800000|  0%| F|  |TAMS 0x00000000e9700000, 0x00000000e9700000| Untracked 
| 152|0x00000000e9800000, 0x00000000e9900000, 0x00000000e9900000|100%| O|  |TAMS 0x00000000e9900000, 0x00000000e9900000| Untracked 
| 153|0x00000000e9900000, 0x00000000e9900000, 0x00000000e9a00000|  0%| F|  |TAMS 0x00000000e9900000, 0x00000000e9900000| Untracked 
| 154|0x00000000e9a00000, 0x00000000e9a00000, 0x00000000e9b00000|  0%| F|  |TAMS 0x00000000e9a00000, 0x00000000e9a00000| Untracked 
| 155|0x00000000e9b00000, 0x00000000e9b00000, 0x00000000e9c00000|  0%| F|  |TAMS 0x00000000e9b00000, 0x00000000e9b00000| Untracked 
| 156|0x00000000e9c00000, 0x00000000e9c00000, 0x00000000e9d00000|  0%| F|  |TAMS 0x00000000e9c00000, 0x00000000e9c00000| Untracked 
| 157|0x00000000e9d00000, 0x00000000e9d00000, 0x00000000e9e00000|  0%| F|  |TAMS 0x00000000e9d00000, 0x00000000e9d00000| Untracked 
| 158|0x00000000e9e00000, 0x00000000e9e00000, 0x00000000e9f00000|  0%| F|  |TAMS 0x00000000e9e00000, 0x00000000e9e00000| Untracked 
| 159|0x00000000e9f00000, 0x00000000e9f00000, 0x00000000ea000000|  0%| F|  |TAMS 0x00000000e9f00000, 0x00000000e9f00000| Untracked 
| 160|0x00000000ea000000, 0x00000000ea000000, 0x00000000ea100000|  0%| F|  |TAMS 0x00000000ea000000, 0x00000000ea000000| Untracked 
| 161|0x00000000ea100000, 0x00000000ea100000, 0x00000000ea200000|  0%| F|  |TAMS 0x00000000ea100000, 0x00000000ea100000| Untracked 
| 162|0x00000000ea200000, 0x00000000ea200000, 0x00000000ea300000|  0%| F|  |TAMS 0x00000000ea200000, 0x00000000ea200000| Untracked 
| 163|0x00000000ea300000, 0x00000000ea300000, 0x00000000ea400000|  0%| F|  |TAMS 0x00000000ea300000, 0x00000000ea300000| Untracked 
| 164|0x00000000ea400000, 0x00000000ea400000, 0x00000000ea500000|  0%| F|  |TAMS 0x00000000ea400000, 0x00000000ea400000| Untracked 
| 165|0x00000000ea500000, 0x00000000ea500000, 0x00000000ea600000|  0%| F|  |TAMS 0x00000000ea500000, 0x00000000ea500000| Untracked 
| 166|0x00000000ea600000, 0x00000000ea600000, 0x00000000ea700000|  0%| F|  |TAMS 0x00000000ea600000, 0x00000000ea600000| Untracked 
| 167|0x00000000ea700000, 0x00000000ea700000, 0x00000000ea800000|  0%| F|  |TAMS 0x00000000ea700000, 0x00000000ea700000| Untracked 
| 168|0x00000000ea800000, 0x00000000ea800000, 0x00000000ea900000|  0%| F|  |TAMS 0x00000000ea800000, 0x00000000ea800000| Untracked 
| 169|0x00000000ea900000, 0x00000000ea900000, 0x00000000eaa00000|  0%| F|  |TAMS 0x00000000ea900000, 0x00000000ea900000| Untracked 
| 170|0x00000000eaa00000, 0x00000000eaa00000, 0x00000000eab00000|  0%| F|  |TAMS 0x00000000eaa00000, 0x00000000eaa00000| Untracked 
| 171|0x00000000eab00000, 0x00000000eab00000, 0x00000000eac00000|  0%| F|  |TAMS 0x00000000eab00000, 0x00000000eab00000| Untracked 
| 172|0x00000000eac00000, 0x00000000eac00000, 0x00000000ead00000|  0%| F|  |TAMS 0x00000000eac00000, 0x00000000eac00000| Untracked 
| 173|0x00000000ead00000, 0x00000000ead00000, 0x00000000eae00000|  0%| F|  |TAMS 0x00000000ead00000, 0x00000000ead00000| Untracked 
| 174|0x00000000eae00000, 0x00000000eaf00000, 0x00000000eaf00000|100%| O|  |TAMS 0x00000000eaf00000, 0x00000000eaf00000| Untracked 
| 175|0x00000000eaf00000, 0x00000000eaf00000, 0x00000000eb000000|  0%| F|  |TAMS 0x00000000eaf00000, 0x00000000eaf00000| Untracked 
| 176|0x00000000eb000000, 0x00000000eb000000, 0x00000000eb100000|  0%| F|  |TAMS 0x00000000eb000000, 0x00000000eb000000| Untracked 
| 177|0x00000000eb100000, 0x00000000eb100000, 0x00000000eb200000|  0%| F|  |TAMS 0x00000000eb100000, 0x00000000eb100000| Untracked 
| 178|0x00000000eb200000, 0x00000000eb200000, 0x00000000eb300000|  0%| F|  |TAMS 0x00000000eb200000, 0x00000000eb200000| Untracked 
| 179|0x00000000eb300000, 0x00000000eb300000, 0x00000000eb400000|  0%| F|  |TAMS 0x00000000eb300000, 0x00000000eb300000| Untracked 
| 180|0x00000000eb400000, 0x00000000eb400000, 0x00000000eb500000|  0%| F|  |TAMS 0x00000000eb400000, 0x00000000eb400000| Untracked 
| 181|0x00000000eb500000, 0x00000000eb500000, 0x00000000eb600000|  0%| F|  |TAMS 0x00000000eb500000, 0x00000000eb500000| Untracked 
| 182|0x00000000eb600000, 0x00000000eb700000, 0x00000000eb700000|100%| O|  |TAMS 0x00000000eb700000, 0x00000000eb700000| Untracked 
| 183|0x00000000eb700000, 0x00000000eb700000, 0x00000000eb800000|  0%| F|  |TAMS 0x00000000eb700000, 0x00000000eb700000| Untracked 
| 184|0x00000000eb800000, 0x00000000eb900000, 0x00000000eb900000|100%| O|  |TAMS 0x00000000eb900000, 0x00000000eb900000| Untracked 
| 185|0x00000000eb900000, 0x00000000eb900000, 0x00000000eba00000|  0%| F|  |TAMS 0x00000000eb900000, 0x00000000eb900000| Untracked 
| 186|0x00000000eba00000, 0x00000000eba00000, 0x00000000ebb00000|  0%| F|  |TAMS 0x00000000eba00000, 0x00000000eba00000| Untracked 
| 187|0x00000000ebb00000, 0x00000000ebb00000, 0x00000000ebc00000|  0%| F|  |TAMS 0x00000000ebb00000, 0x00000000ebb00000| Untracked 
| 188|0x00000000ebc00000, 0x00000000ebc00000, 0x00000000ebd00000|  0%| F|  |TAMS 0x00000000ebc00000, 0x00000000ebc00000| Untracked 
| 189|0x00000000ebd00000, 0x00000000ebd00000, 0x00000000ebe00000|  0%| F|  |TAMS 0x00000000ebd00000, 0x00000000ebd00000| Untracked 
| 190|0x00000000ebe00000, 0x00000000ebe00000, 0x00000000ebf00000|  0%| F|  |TAMS 0x00000000ebe00000, 0x00000000ebe00000| Untracked 
| 191|0x00000000ebf00000, 0x00000000ebf00000, 0x00000000ec000000|  0%| F|  |TAMS 0x00000000ebf00000, 0x00000000ebf00000| Untracked 
| 192|0x00000000ec000000, 0x00000000ec000000, 0x00000000ec100000|  0%| F|  |TAMS 0x00000000ec000000, 0x00000000ec000000| Untracked 
| 193|0x00000000ec100000, 0x00000000ec200000, 0x00000000ec200000|100%| O|  |TAMS 0x00000000ec200000, 0x00000000ec200000| Untracked 
| 194|0x00000000ec200000, 0x00000000ec300000, 0x00000000ec300000|100%| O|  |TAMS 0x00000000ec300000, 0x00000000ec300000| Untracked 
| 195|0x00000000ec300000, 0x00000000ec400000, 0x00000000ec400000|100%| O|  |TAMS 0x00000000ec400000, 0x00000000ec400000| Untracked 
| 196|0x00000000ec400000, 0x00000000ec500000, 0x00000000ec500000|100%| O|  |TAMS 0x00000000ec500000, 0x00000000ec500000| Untracked 
| 197|0x00000000ec500000, 0x00000000ec500000, 0x00000000ec600000|  0%| F|  |TAMS 0x00000000ec500000, 0x00000000ec500000| Untracked 
| 198|0x00000000ec600000, 0x00000000ec600000, 0x00000000ec700000|  0%| F|  |TAMS 0x00000000ec600000, 0x00000000ec600000| Untracked 
| 199|0x00000000ec700000, 0x00000000ec700000, 0x00000000ec800000|  0%| F|  |TAMS 0x00000000ec700000, 0x00000000ec700000| Untracked 
| 200|0x00000000ec800000, 0x00000000ec800000, 0x00000000ec900000|  0%| F|  |TAMS 0x00000000ec800000, 0x00000000ec800000| Untracked 
| 201|0x00000000ec900000, 0x00000000ec900000, 0x00000000eca00000|  0%| F|  |TAMS 0x00000000ec900000, 0x00000000ec900000| Untracked 
| 202|0x00000000eca00000, 0x00000000eca00000, 0x00000000ecb00000|  0%| F|  |TAMS 0x00000000eca00000, 0x00000000eca00000| Untracked 
| 203|0x00000000ecb00000, 0x00000000ecb00000, 0x00000000ecc00000|  0%| F|  |TAMS 0x00000000ecb00000, 0x00000000ecb00000| Untracked 
| 204|0x00000000ecc00000, 0x00000000ecc00000, 0x00000000ecd00000|  0%| F|  |TAMS 0x00000000ecc00000, 0x00000000ecc00000| Untracked 
| 205|0x00000000ecd00000, 0x00000000ecd00000, 0x00000000ece00000|  0%| F|  |TAMS 0x00000000ecd00000, 0x00000000ecd00000| Untracked 
| 206|0x00000000ece00000, 0x00000000ece00000, 0x00000000ecf00000|  0%| F|  |TAMS 0x00000000ece00000, 0x00000000ece00000| Untracked 
| 207|0x00000000ecf00000, 0x00000000ecf00000, 0x00000000ed000000|  0%| F|  |TAMS 0x00000000ecf00000, 0x00000000ecf00000| Untracked 
| 208|0x00000000ed000000, 0x00000000ed000000, 0x00000000ed100000|  0%| F|  |TAMS 0x00000000ed000000, 0x00000000ed000000| Untracked 
| 209|0x00000000ed100000, 0x00000000ed100000, 0x00000000ed200000|  0%| F|  |TAMS 0x00000000ed100000, 0x00000000ed100000| Untracked 
| 210|0x00000000ed200000, 0x00000000ed200000, 0x00000000ed300000|  0%| F|  |TAMS 0x00000000ed200000, 0x00000000ed200000| Untracked 
| 211|0x00000000ed300000, 0x00000000ed300000, 0x00000000ed400000|  0%| F|  |TAMS 0x00000000ed300000, 0x00000000ed300000| Untracked 
| 212|0x00000000ed400000, 0x00000000ed48b040, 0x00000000ed500000| 54%| S|CS|TAMS 0x00000000ed400000, 0x00000000ed400000| Complete 
| 213|0x00000000ed500000, 0x00000000ed600000, 0x00000000ed600000|100%| S|CS|TAMS 0x00000000ed500000, 0x00000000ed500000| Complete 
| 214|0x00000000ed600000, 0x00000000ed700000, 0x00000000ed700000|100%| S|CS|TAMS 0x00000000ed600000, 0x00000000ed600000| Complete 
| 215|0x00000000ed700000, 0x00000000ed800000, 0x00000000ed800000|100%| S|CS|TAMS 0x00000000ed700000, 0x00000000ed700000| Complete 
| 216|0x00000000ed800000, 0x00000000ed900000, 0x00000000ed900000|100%| S|CS|TAMS 0x00000000ed800000, 0x00000000ed800000| Complete 
| 217|0x00000000ed900000, 0x00000000eda00000, 0x00000000eda00000|100%| S|CS|TAMS 0x00000000ed900000, 0x00000000ed900000| Complete 
| 218|0x00000000eda00000, 0x00000000edb00000, 0x00000000edb00000|100%| S|CS|TAMS 0x00000000eda00000, 0x00000000eda00000| Complete 
| 219|0x00000000edb00000, 0x00000000edc00000, 0x00000000edc00000|100%| S|CS|TAMS 0x00000000edb00000, 0x00000000edb00000| Complete 
| 220|0x00000000edc00000, 0x00000000edd00000, 0x00000000edd00000|100%| S|CS|TAMS 0x00000000edc00000, 0x00000000edc00000| Complete 
| 221|0x00000000edd00000, 0x00000000ede00000, 0x00000000ede00000|100%| S|CS|TAMS 0x00000000edd00000, 0x00000000edd00000| Complete 
| 222|0x00000000ede00000, 0x00000000edf00000, 0x00000000edf00000|100%| S|CS|TAMS 0x00000000ede00000, 0x00000000ede00000| Complete 
| 223|0x00000000edf00000, 0x00000000ee000000, 0x00000000ee000000|100%| S|CS|TAMS 0x00000000edf00000, 0x00000000edf00000| Complete 
| 224|0x00000000ee000000, 0x00000000ee100000, 0x00000000ee100000|100%| S|CS|TAMS 0x00000000ee000000, 0x00000000ee000000| Complete 
| 225|0x00000000ee100000, 0x00000000ee200000, 0x00000000ee200000|100%| S|CS|TAMS 0x00000000ee100000, 0x00000000ee100000| Complete 
| 226|0x00000000ee200000, 0x00000000ee300000, 0x00000000ee300000|100%| S|CS|TAMS 0x00000000ee200000, 0x00000000ee200000| Complete 
| 227|0x00000000ee300000, 0x00000000ee400000, 0x00000000ee400000|100%| S|CS|TAMS 0x00000000ee300000, 0x00000000ee300000| Complete 
| 228|0x00000000ee400000, 0x00000000ee500000, 0x00000000ee500000|100%| S|CS|TAMS 0x00000000ee400000, 0x00000000ee400000| Complete 
| 229|0x00000000ee500000, 0x00000000ee600000, 0x00000000ee600000|100%| S|CS|TAMS 0x00000000ee500000, 0x00000000ee500000| Complete 
| 230|0x00000000ee600000, 0x00000000ee600000, 0x00000000ee700000|  0%| F|  |TAMS 0x00000000ee600000, 0x00000000ee600000| Untracked 
| 231|0x00000000ee700000, 0x00000000ee700000, 0x00000000ee800000|  0%| F|  |TAMS 0x00000000ee700000, 0x00000000ee700000| Untracked 
| 232|0x00000000ee800000, 0x00000000ee800000, 0x00000000ee900000|  0%| F|  |TAMS 0x00000000ee800000, 0x00000000ee800000| Untracked 
| 233|0x00000000ee900000, 0x00000000ee900000, 0x00000000eea00000|  0%| F|  |TAMS 0x00000000ee900000, 0x00000000ee900000| Untracked 
| 234|0x00000000eea00000, 0x00000000eea00000, 0x00000000eeb00000|  0%| F|  |TAMS 0x00000000eea00000, 0x00000000eea00000| Untracked 
| 235|0x00000000eeb00000, 0x00000000eeb00000, 0x00000000eec00000|  0%| F|  |TAMS 0x00000000eeb00000, 0x00000000eeb00000| Untracked 
| 236|0x00000000eec00000, 0x00000000eec00000, 0x00000000eed00000|  0%| F|  |TAMS 0x00000000eec00000, 0x00000000eec00000| Untracked 
| 237|0x00000000eed00000, 0x00000000eed00000, 0x00000000eee00000|  0%| F|  |TAMS 0x00000000eed00000, 0x00000000eed00000| Untracked 
| 238|0x00000000eee00000, 0x00000000eee00000, 0x00000000eef00000|  0%| F|  |TAMS 0x00000000eee00000, 0x00000000eee00000| Untracked 
| 239|0x00000000eef00000, 0x00000000eef00000, 0x00000000ef000000|  0%| F|  |TAMS 0x00000000eef00000, 0x00000000eef00000| Untracked 
| 240|0x00000000ef000000, 0x00000000ef000000, 0x00000000ef100000|  0%| F|  |TAMS 0x00000000ef000000, 0x00000000ef000000| Untracked 
| 241|0x00000000ef100000, 0x00000000ef100000, 0x00000000ef200000|  0%| F|  |TAMS 0x00000000ef100000, 0x00000000ef100000| Untracked 
| 242|0x00000000ef200000, 0x00000000ef200000, 0x00000000ef300000|  0%| F|  |TAMS 0x00000000ef200000, 0x00000000ef200000| Untracked 
| 243|0x00000000ef300000, 0x00000000ef300000, 0x00000000ef400000|  0%| F|  |TAMS 0x00000000ef300000, 0x00000000ef300000| Untracked 
| 244|0x00000000ef400000, 0x00000000ef400000, 0x00000000ef500000|  0%| F|  |TAMS 0x00000000ef400000, 0x00000000ef400000| Untracked 
| 245|0x00000000ef500000, 0x00000000ef500000, 0x00000000ef600000|  0%| F|  |TAMS 0x00000000ef500000, 0x00000000ef500000| Untracked 
| 246|0x00000000ef600000, 0x00000000ef600000, 0x00000000ef700000|  0%| F|  |TAMS 0x00000000ef600000, 0x00000000ef600000| Untracked 
| 247|0x00000000ef700000, 0x00000000ef700000, 0x00000000ef800000|  0%| F|  |TAMS 0x00000000ef700000, 0x00000000ef700000| Untracked 
| 248|0x00000000ef800000, 0x00000000ef800000, 0x00000000ef900000|  0%| F|  |TAMS 0x00000000ef800000, 0x00000000ef800000| Untracked 
| 249|0x00000000ef900000, 0x00000000ef900000, 0x00000000efa00000|  0%| F|  |TAMS 0x00000000ef900000, 0x00000000ef900000| Untracked 
| 250|0x00000000efa00000, 0x00000000efa00000, 0x00000000efb00000|  0%| F|  |TAMS 0x00000000efa00000, 0x00000000efa00000| Untracked 
| 251|0x00000000efb00000, 0x00000000efb00000, 0x00000000efc00000|  0%| F|  |TAMS 0x00000000efb00000, 0x00000000efb00000| Untracked 
| 252|0x00000000efc00000, 0x00000000efc00000, 0x00000000efd00000|  0%| F|  |TAMS 0x00000000efc00000, 0x00000000efc00000| Untracked 
| 253|0x00000000efd00000, 0x00000000efd00000, 0x00000000efe00000|  0%| F|  |TAMS 0x00000000efd00000, 0x00000000efd00000| Untracked 
| 254|0x00000000efe00000, 0x00000000efe00000, 0x00000000eff00000|  0%| F|  |TAMS 0x00000000efe00000, 0x00000000efe00000| Untracked 
| 255|0x00000000eff00000, 0x00000000eff00000, 0x00000000f0000000|  0%| F|  |TAMS 0x00000000eff00000, 0x00000000eff00000| Untracked 
| 256|0x00000000f0000000, 0x00000000f0000000, 0x00000000f0100000|  0%| F|  |TAMS 0x00000000f0000000, 0x00000000f0000000| Untracked 
| 257|0x00000000f0100000, 0x00000000f0100000, 0x00000000f0200000|  0%| F|  |TAMS 0x00000000f0100000, 0x00000000f0100000| Untracked 
| 258|0x00000000f0200000, 0x00000000f0200000, 0x00000000f0300000|  0%| F|  |TAMS 0x00000000f0200000, 0x00000000f0200000| Untracked 
| 259|0x00000000f0300000, 0x00000000f0300000, 0x00000000f0400000|  0%| F|  |TAMS 0x00000000f0300000, 0x00000000f0300000| Untracked 
| 260|0x00000000f0400000, 0x00000000f0400000, 0x00000000f0500000|  0%| F|  |TAMS 0x00000000f0400000, 0x00000000f0400000| Untracked 
| 261|0x00000000f0500000, 0x00000000f0500000, 0x00000000f0600000|  0%| F|  |TAMS 0x00000000f0500000, 0x00000000f0500000| Untracked 
| 262|0x00000000f0600000, 0x00000000f0600000, 0x00000000f0700000|  0%| F|  |TAMS 0x00000000f0600000, 0x00000000f0600000| Untracked 
| 263|0x00000000f0700000, 0x00000000f0700000, 0x00000000f0800000|  0%| F|  |TAMS 0x00000000f0700000, 0x00000000f0700000| Untracked 
| 264|0x00000000f0800000, 0x00000000f0800000, 0x00000000f0900000|  0%| F|  |TAMS 0x00000000f0800000, 0x00000000f0800000| Untracked 
| 265|0x00000000f0900000, 0x00000000f0900000, 0x00000000f0a00000|  0%| F|  |TAMS 0x00000000f0900000, 0x00000000f0900000| Untracked 
| 266|0x00000000f0a00000, 0x00000000f0a00000, 0x00000000f0b00000|  0%| F|  |TAMS 0x00000000f0a00000, 0x00000000f0a00000| Untracked 
| 267|0x00000000f0b00000, 0x00000000f0b00000, 0x00000000f0c00000|  0%| F|  |TAMS 0x00000000f0b00000, 0x00000000f0b00000| Untracked 
| 268|0x00000000f0c00000, 0x00000000f0c00000, 0x00000000f0d00000|  0%| F|  |TAMS 0x00000000f0c00000, 0x00000000f0c00000| Untracked 
| 269|0x00000000f0d00000, 0x00000000f0d00000, 0x00000000f0e00000|  0%| F|  |TAMS 0x00000000f0d00000, 0x00000000f0d00000| Untracked 
| 270|0x00000000f0e00000, 0x00000000f0e00000, 0x00000000f0f00000|  0%| F|  |TAMS 0x00000000f0e00000, 0x00000000f0e00000| Untracked 
| 271|0x00000000f0f00000, 0x00000000f0f00000, 0x00000000f1000000|  0%| F|  |TAMS 0x00000000f0f00000, 0x00000000f0f00000| Untracked 
| 272|0x00000000f1000000, 0x00000000f1000000, 0x00000000f1100000|  0%| F|  |TAMS 0x00000000f1000000, 0x00000000f1000000| Untracked 
| 273|0x00000000f1100000, 0x00000000f1100000, 0x00000000f1200000|  0%| F|  |TAMS 0x00000000f1100000, 0x00000000f1100000| Untracked 
| 274|0x00000000f1200000, 0x00000000f1200000, 0x00000000f1300000|  0%| F|  |TAMS 0x00000000f1200000, 0x00000000f1200000| Untracked 
| 275|0x00000000f1300000, 0x00000000f1300000, 0x00000000f1400000|  0%| F|  |TAMS 0x00000000f1300000, 0x00000000f1300000| Untracked 
| 276|0x00000000f1400000, 0x00000000f1400000, 0x00000000f1500000|  0%| F|  |TAMS 0x00000000f1400000, 0x00000000f1400000| Untracked 
| 277|0x00000000f1500000, 0x00000000f1500000, 0x00000000f1600000|  0%| F|  |TAMS 0x00000000f1500000, 0x00000000f1500000| Untracked 
| 278|0x00000000f1600000, 0x00000000f1600000, 0x00000000f1700000|  0%| F|  |TAMS 0x00000000f1600000, 0x00000000f1600000| Untracked 
| 279|0x00000000f1700000, 0x00000000f1700000, 0x00000000f1800000|  0%| F|  |TAMS 0x00000000f1700000, 0x00000000f1700000| Untracked 
| 280|0x00000000f1800000, 0x00000000f1800000, 0x00000000f1900000|  0%| F|  |TAMS 0x00000000f1800000, 0x00000000f1800000| Untracked 
| 281|0x00000000f1900000, 0x00000000f1900000, 0x00000000f1a00000|  0%| F|  |TAMS 0x00000000f1900000, 0x00000000f1900000| Untracked 
| 282|0x00000000f1a00000, 0x00000000f1a00000, 0x00000000f1b00000|  0%| F|  |TAMS 0x00000000f1a00000, 0x00000000f1a00000| Untracked 
| 283|0x00000000f1b00000, 0x00000000f1b00000, 0x00000000f1c00000|  0%| F|  |TAMS 0x00000000f1b00000, 0x00000000f1b00000| Untracked 
| 284|0x00000000f1c00000, 0x00000000f1c00000, 0x00000000f1d00000|  0%| F|  |TAMS 0x00000000f1c00000, 0x00000000f1c00000| Untracked 
| 285|0x00000000f1d00000, 0x00000000f1d00000, 0x00000000f1e00000|  0%| F|  |TAMS 0x00000000f1d00000, 0x00000000f1d00000| Untracked 
| 286|0x00000000f1e00000, 0x00000000f1e00000, 0x00000000f1f00000|  0%| F|  |TAMS 0x00000000f1e00000, 0x00000000f1e00000| Untracked 
| 287|0x00000000f1f00000, 0x00000000f1f00000, 0x00000000f2000000|  0%| F|  |TAMS 0x00000000f1f00000, 0x00000000f1f00000| Untracked 
| 288|0x00000000f2000000, 0x00000000f2000000, 0x00000000f2100000|  0%| F|  |TAMS 0x00000000f2000000, 0x00000000f2000000| Untracked 
| 289|0x00000000f2100000, 0x00000000f2100000, 0x00000000f2200000|  0%| F|  |TAMS 0x00000000f2100000, 0x00000000f2100000| Untracked 
| 290|0x00000000f2200000, 0x00000000f2200000, 0x00000000f2300000|  0%| F|  |TAMS 0x00000000f2200000, 0x00000000f2200000| Untracked 
| 291|0x00000000f2300000, 0x00000000f2300000, 0x00000000f2400000|  0%| F|  |TAMS 0x00000000f2300000, 0x00000000f2300000| Untracked 
| 292|0x00000000f2400000, 0x00000000f2400000, 0x00000000f2500000|  0%| F|  |TAMS 0x00000000f2400000, 0x00000000f2400000| Untracked 
| 293|0x00000000f2500000, 0x00000000f2500000, 0x00000000f2600000|  0%| F|  |TAMS 0x00000000f2500000, 0x00000000f2500000| Untracked 
| 294|0x00000000f2600000, 0x00000000f2600000, 0x00000000f2700000|  0%| F|  |TAMS 0x00000000f2600000, 0x00000000f2600000| Untracked 
| 295|0x00000000f2700000, 0x00000000f2700000, 0x00000000f2800000|  0%| F|  |TAMS 0x00000000f2700000, 0x00000000f2700000| Untracked 
| 296|0x00000000f2800000, 0x00000000f2800000, 0x00000000f2900000|  0%| F|  |TAMS 0x00000000f2800000, 0x00000000f2800000| Untracked 
| 297|0x00000000f2900000, 0x00000000f2900000, 0x00000000f2a00000|  0%| F|  |TAMS 0x00000000f2900000, 0x00000000f2900000| Untracked 
| 298|0x00000000f2a00000, 0x00000000f2a00000, 0x00000000f2b00000|  0%| F|  |TAMS 0x00000000f2a00000, 0x00000000f2a00000| Untracked 
| 299|0x00000000f2b00000, 0x00000000f2b00000, 0x00000000f2c00000|  0%| F|  |TAMS 0x00000000f2b00000, 0x00000000f2b00000| Untracked 
| 300|0x00000000f2c00000, 0x00000000f2c00000, 0x00000000f2d00000|  0%| F|  |TAMS 0x00000000f2c00000, 0x00000000f2c00000| Untracked 
| 301|0x00000000f2d00000, 0x00000000f2d00000, 0x00000000f2e00000|  0%| F|  |TAMS 0x00000000f2d00000, 0x00000000f2d00000| Untracked 
| 302|0x00000000f2e00000, 0x00000000f2e00000, 0x00000000f2f00000|  0%| F|  |TAMS 0x00000000f2e00000, 0x00000000f2e00000| Untracked 
| 303|0x00000000f2f00000, 0x00000000f2f00000, 0x00000000f3000000|  0%| F|  |TAMS 0x00000000f2f00000, 0x00000000f2f00000| Untracked 
| 304|0x00000000f3000000, 0x00000000f3000000, 0x00000000f3100000|  0%| F|  |TAMS 0x00000000f3000000, 0x00000000f3000000| Untracked 
| 305|0x00000000f3100000, 0x00000000f3100000, 0x00000000f3200000|  0%| F|  |TAMS 0x00000000f3100000, 0x00000000f3100000| Untracked 
| 306|0x00000000f3200000, 0x00000000f3200000, 0x00000000f3300000|  0%| F|  |TAMS 0x00000000f3200000, 0x00000000f3200000| Untracked 
| 307|0x00000000f3300000, 0x00000000f3300000, 0x00000000f3400000|  0%| F|  |TAMS 0x00000000f3300000, 0x00000000f3300000| Untracked 
| 308|0x00000000f3400000, 0x00000000f3400000, 0x00000000f3500000|  0%| F|  |TAMS 0x00000000f3400000, 0x00000000f3400000| Untracked 
| 309|0x00000000f3500000, 0x00000000f3500000, 0x00000000f3600000|  0%| F|  |TAMS 0x00000000f3500000, 0x00000000f3500000| Untracked 
| 310|0x00000000f3600000, 0x00000000f3600000, 0x00000000f3700000|  0%| F|  |TAMS 0x00000000f3600000, 0x00000000f3600000| Untracked 
| 311|0x00000000f3700000, 0x00000000f3700000, 0x00000000f3800000|  0%| F|  |TAMS 0x00000000f3700000, 0x00000000f3700000| Untracked 
| 312|0x00000000f3800000, 0x00000000f3800000, 0x00000000f3900000|  0%| F|  |TAMS 0x00000000f3800000, 0x00000000f3800000| Untracked 
| 313|0x00000000f3900000, 0x00000000f3900000, 0x00000000f3a00000|  0%| F|  |TAMS 0x00000000f3900000, 0x00000000f3900000| Untracked 
| 314|0x00000000f3a00000, 0x00000000f3a00000, 0x00000000f3b00000|  0%| F|  |TAMS 0x00000000f3a00000, 0x00000000f3a00000| Untracked 
| 315|0x00000000f3b00000, 0x00000000f3b00000, 0x00000000f3c00000|  0%| F|  |TAMS 0x00000000f3b00000, 0x00000000f3b00000| Untracked 
| 316|0x00000000f3c00000, 0x00000000f3c00000, 0x00000000f3d00000|  0%| F|  |TAMS 0x00000000f3c00000, 0x00000000f3c00000| Untracked 
| 317|0x00000000f3d00000, 0x00000000f3d00000, 0x00000000f3e00000|  0%| F|  |TAMS 0x00000000f3d00000, 0x00000000f3d00000| Untracked 
| 318|0x00000000f3e00000, 0x00000000f3e00000, 0x00000000f3f00000|  0%| F|  |TAMS 0x00000000f3e00000, 0x00000000f3e00000| Untracked 
| 319|0x00000000f3f00000, 0x00000000f3f00000, 0x00000000f4000000|  0%| F|  |TAMS 0x00000000f3f00000, 0x00000000f3f00000| Untracked 
| 320|0x00000000f4000000, 0x00000000f4000000, 0x00000000f4100000|  0%| F|  |TAMS 0x00000000f4000000, 0x00000000f4000000| Untracked 
| 321|0x00000000f4100000, 0x00000000f4100000, 0x00000000f4200000|  0%| F|  |TAMS 0x00000000f4100000, 0x00000000f4100000| Untracked 
| 322|0x00000000f4200000, 0x00000000f4200000, 0x00000000f4300000|  0%| F|  |TAMS 0x00000000f4200000, 0x00000000f4200000| Untracked 
| 323|0x00000000f4300000, 0x00000000f4300000, 0x00000000f4400000|  0%| F|  |TAMS 0x00000000f4300000, 0x00000000f4300000| Untracked 
| 324|0x00000000f4400000, 0x00000000f4400000, 0x00000000f4500000|  0%| F|  |TAMS 0x00000000f4400000, 0x00000000f4400000| Untracked 
| 325|0x00000000f4500000, 0x00000000f4500000, 0x00000000f4600000|  0%| F|  |TAMS 0x00000000f4500000, 0x00000000f4500000| Untracked 
| 326|0x00000000f4600000, 0x00000000f4600000, 0x00000000f4700000|  0%| F|  |TAMS 0x00000000f4600000, 0x00000000f4600000| Untracked 
| 327|0x00000000f4700000, 0x00000000f4700000, 0x00000000f4800000|  0%| F|  |TAMS 0x00000000f4700000, 0x00000000f4700000| Untracked 
| 328|0x00000000f4800000, 0x00000000f4800000, 0x00000000f4900000|  0%| F|  |TAMS 0x00000000f4800000, 0x00000000f4800000| Untracked 
| 329|0x00000000f4900000, 0x00000000f4900000, 0x00000000f4a00000|  0%| F|  |TAMS 0x00000000f4900000, 0x00000000f4900000| Untracked 
| 330|0x00000000f4a00000, 0x00000000f4a00000, 0x00000000f4b00000|  0%| F|  |TAMS 0x00000000f4a00000, 0x00000000f4a00000| Untracked 
| 331|0x00000000f4b00000, 0x00000000f4b00000, 0x00000000f4c00000|  0%| F|  |TAMS 0x00000000f4b00000, 0x00000000f4b00000| Untracked 
| 332|0x00000000f4c00000, 0x00000000f4c00000, 0x00000000f4d00000|  0%| F|  |TAMS 0x00000000f4c00000, 0x00000000f4c00000| Untracked 
| 333|0x00000000f4d00000, 0x00000000f4d00000, 0x00000000f4e00000|  0%| F|  |TAMS 0x00000000f4d00000, 0x00000000f4d00000| Untracked 
| 334|0x00000000f4e00000, 0x00000000f4e00000, 0x00000000f4f00000|  0%| F|  |TAMS 0x00000000f4e00000, 0x00000000f4e00000| Untracked 
| 335|0x00000000f4f00000, 0x00000000f4f00000, 0x00000000f5000000|  0%| F|  |TAMS 0x00000000f4f00000, 0x00000000f4f00000| Untracked 
| 336|0x00000000f5000000, 0x00000000f5000000, 0x00000000f5100000|  0%| F|  |TAMS 0x00000000f5000000, 0x00000000f5000000| Untracked 
| 337|0x00000000f5100000, 0x00000000f5100000, 0x00000000f5200000|  0%| F|  |TAMS 0x00000000f5100000, 0x00000000f5100000| Untracked 
| 338|0x00000000f5200000, 0x00000000f5200000, 0x00000000f5300000|  0%| F|  |TAMS 0x00000000f5200000, 0x00000000f5200000| Untracked 
| 339|0x00000000f5300000, 0x00000000f5300000, 0x00000000f5400000|  0%| F|  |TAMS 0x00000000f5300000, 0x00000000f5300000| Untracked 
| 340|0x00000000f5400000, 0x00000000f5400000, 0x00000000f5500000|  0%| F|  |TAMS 0x00000000f5400000, 0x00000000f5400000| Untracked 
| 341|0x00000000f5500000, 0x00000000f5500000, 0x00000000f5600000|  0%| F|  |TAMS 0x00000000f5500000, 0x00000000f5500000| Untracked 
| 342|0x00000000f5600000, 0x00000000f5600000, 0x00000000f5700000|  0%| F|  |TAMS 0x00000000f5600000, 0x00000000f5600000| Untracked 
| 343|0x00000000f5700000, 0x00000000f5700000, 0x00000000f5800000|  0%| F|  |TAMS 0x00000000f5700000, 0x00000000f5700000| Untracked 
| 344|0x00000000f5800000, 0x00000000f5800000, 0x00000000f5900000|  0%| F|  |TAMS 0x00000000f5800000, 0x00000000f5800000| Untracked 
| 345|0x00000000f5900000, 0x00000000f5900000, 0x00000000f5a00000|  0%| F|  |TAMS 0x00000000f5900000, 0x00000000f5900000| Untracked 
| 346|0x00000000f5a00000, 0x00000000f5a00000, 0x00000000f5b00000|  0%| F|  |TAMS 0x00000000f5a00000, 0x00000000f5a00000| Untracked 
| 347|0x00000000f5b00000, 0x00000000f5b00000, 0x00000000f5c00000|  0%| F|  |TAMS 0x00000000f5b00000, 0x00000000f5b00000| Untracked 
| 348|0x00000000f5c00000, 0x00000000f5c00000, 0x00000000f5d00000|  0%| F|  |TAMS 0x00000000f5c00000, 0x00000000f5c00000| Untracked 
| 349|0x00000000f5d00000, 0x00000000f5d00000, 0x00000000f5e00000|  0%| F|  |TAMS 0x00000000f5d00000, 0x00000000f5d00000| Untracked 
| 350|0x00000000f5e00000, 0x00000000f5e00000, 0x00000000f5f00000|  0%| F|  |TAMS 0x00000000f5e00000, 0x00000000f5e00000| Untracked 
| 351|0x00000000f5f00000, 0x00000000f5f00000, 0x00000000f6000000|  0%| F|  |TAMS 0x00000000f5f00000, 0x00000000f5f00000| Untracked 
| 352|0x00000000f6000000, 0x00000000f6000000, 0x00000000f6100000|  0%| F|  |TAMS 0x00000000f6000000, 0x00000000f6000000| Untracked 
| 353|0x00000000f6100000, 0x00000000f6100000, 0x00000000f6200000|  0%| F|  |TAMS 0x00000000f6100000, 0x00000000f6100000| Untracked 
| 354|0x00000000f6200000, 0x00000000f6200000, 0x00000000f6300000|  0%| F|  |TAMS 0x00000000f6200000, 0x00000000f6200000| Untracked 
| 355|0x00000000f6300000, 0x00000000f6300000, 0x00000000f6400000|  0%| F|  |TAMS 0x00000000f6300000, 0x00000000f6300000| Untracked 
| 356|0x00000000f6400000, 0x00000000f6400000, 0x00000000f6500000|  0%| F|  |TAMS 0x00000000f6400000, 0x00000000f6400000| Untracked 
| 357|0x00000000f6500000, 0x00000000f6500000, 0x00000000f6600000|  0%| F|  |TAMS 0x00000000f6500000, 0x00000000f6500000| Untracked 
| 358|0x00000000f6600000, 0x00000000f6600000, 0x00000000f6700000|  0%| F|  |TAMS 0x00000000f6600000, 0x00000000f6600000| Untracked 
| 359|0x00000000f6700000, 0x00000000f6700000, 0x00000000f6800000|  0%| F|  |TAMS 0x00000000f6700000, 0x00000000f6700000| Untracked 
| 360|0x00000000f6800000, 0x00000000f6800000, 0x00000000f6900000|  0%| F|  |TAMS 0x00000000f6800000, 0x00000000f6800000| Untracked 
| 361|0x00000000f6900000, 0x00000000f6900000, 0x00000000f6a00000|  0%| F|  |TAMS 0x00000000f6900000, 0x00000000f6900000| Untracked 
| 362|0x00000000f6a00000, 0x00000000f6a00000, 0x00000000f6b00000|  0%| F|  |TAMS 0x00000000f6a00000, 0x00000000f6a00000| Untracked 
| 363|0x00000000f6b00000, 0x00000000f6b00000, 0x00000000f6c00000|  0%| F|  |TAMS 0x00000000f6b00000, 0x00000000f6b00000| Untracked 
| 364|0x00000000f6c00000, 0x00000000f6c00000, 0x00000000f6d00000|  0%| F|  |TAMS 0x00000000f6c00000, 0x00000000f6c00000| Untracked 
| 365|0x00000000f6d00000, 0x00000000f6d00000, 0x00000000f6e00000|  0%| F|  |TAMS 0x00000000f6d00000, 0x00000000f6d00000| Untracked 
| 366|0x00000000f6e00000, 0x00000000f6e00000, 0x00000000f6f00000|  0%| F|  |TAMS 0x00000000f6e00000, 0x00000000f6e00000| Untracked 
| 367|0x00000000f6f00000, 0x00000000f6f00000, 0x00000000f7000000|  0%| F|  |TAMS 0x00000000f6f00000, 0x00000000f6f00000| Untracked 
| 368|0x00000000f7000000, 0x00000000f7000000, 0x00000000f7100000|  0%| F|  |TAMS 0x00000000f7000000, 0x00000000f7000000| Untracked 
| 369|0x00000000f7100000, 0x00000000f7100000, 0x00000000f7200000|  0%| F|  |TAMS 0x00000000f7100000, 0x00000000f7100000| Untracked 
| 370|0x00000000f7200000, 0x00000000f7200000, 0x00000000f7300000|  0%| F|  |TAMS 0x00000000f7200000, 0x00000000f7200000| Untracked 
| 371|0x00000000f7300000, 0x00000000f7300000, 0x00000000f7400000|  0%| F|  |TAMS 0x00000000f7300000, 0x00000000f7300000| Untracked 
| 372|0x00000000f7400000, 0x00000000f7400000, 0x00000000f7500000|  0%| F|  |TAMS 0x00000000f7400000, 0x00000000f7400000| Untracked 
| 373|0x00000000f7500000, 0x00000000f7500000, 0x00000000f7600000|  0%| F|  |TAMS 0x00000000f7500000, 0x00000000f7500000| Untracked 
| 374|0x00000000f7600000, 0x00000000f7600000, 0x00000000f7700000|  0%| F|  |TAMS 0x00000000f7600000, 0x00000000f7600000| Untracked 
| 375|0x00000000f7700000, 0x00000000f7700000, 0x00000000f7800000|  0%| F|  |TAMS 0x00000000f7700000, 0x00000000f7700000| Untracked 
| 376|0x00000000f7800000, 0x00000000f7800000, 0x00000000f7900000|  0%| F|  |TAMS 0x00000000f7800000, 0x00000000f7800000| Untracked 
| 377|0x00000000f7900000, 0x00000000f7900000, 0x00000000f7a00000|  0%| F|  |TAMS 0x00000000f7900000, 0x00000000f7900000| Untracked 
| 378|0x00000000f7a00000, 0x00000000f7a00000, 0x00000000f7b00000|  0%| F|  |TAMS 0x00000000f7a00000, 0x00000000f7a00000| Untracked 
| 379|0x00000000f7b00000, 0x00000000f7b00000, 0x00000000f7c00000|  0%| F|  |TAMS 0x00000000f7b00000, 0x00000000f7b00000| Untracked 
| 380|0x00000000f7c00000, 0x00000000f7c00000, 0x00000000f7d00000|  0%| F|  |TAMS 0x00000000f7c00000, 0x00000000f7c00000| Untracked 
| 381|0x00000000f7d00000, 0x00000000f7d00000, 0x00000000f7e00000|  0%| F|  |TAMS 0x00000000f7d00000, 0x00000000f7d00000| Untracked 
| 382|0x00000000f7e00000, 0x00000000f7e00000, 0x00000000f7f00000|  0%| F|  |TAMS 0x00000000f7e00000, 0x00000000f7e00000| Untracked 
| 383|0x00000000f7f00000, 0x00000000f7f00000, 0x00000000f8000000|  0%| F|  |TAMS 0x00000000f7f00000, 0x00000000f7f00000| Untracked 
| 384|0x00000000f8000000, 0x00000000f8000000, 0x00000000f8100000|  0%| F|  |TAMS 0x00000000f8000000, 0x00000000f8000000| Untracked 
| 385|0x00000000f8100000, 0x00000000f8100000, 0x00000000f8200000|  0%| F|  |TAMS 0x00000000f8100000, 0x00000000f8100000| Untracked 
| 386|0x00000000f8200000, 0x00000000f8200000, 0x00000000f8300000|  0%| F|  |TAMS 0x00000000f8200000, 0x00000000f8200000| Untracked 
| 387|0x00000000f8300000, 0x00000000f8300000, 0x00000000f8400000|  0%| F|  |TAMS 0x00000000f8300000, 0x00000000f8300000| Untracked 
| 388|0x00000000f8400000, 0x00000000f8400000, 0x00000000f8500000|  0%| F|  |TAMS 0x00000000f8400000, 0x00000000f8400000| Untracked 
| 389|0x00000000f8500000, 0x00000000f8500000, 0x00000000f8600000|  0%| F|  |TAMS 0x00000000f8500000, 0x00000000f8500000| Untracked 
| 390|0x00000000f8600000, 0x00000000f8600000, 0x00000000f8700000|  0%| F|  |TAMS 0x00000000f8600000, 0x00000000f8600000| Untracked 
| 391|0x00000000f8700000, 0x00000000f8700000, 0x00000000f8800000|  0%| F|  |TAMS 0x00000000f8700000, 0x00000000f8700000| Untracked 
| 392|0x00000000f8800000, 0x00000000f8800000, 0x00000000f8900000|  0%| F|  |TAMS 0x00000000f8800000, 0x00000000f8800000| Untracked 
| 393|0x00000000f8900000, 0x00000000f8900000, 0x00000000f8a00000|  0%| F|  |TAMS 0x00000000f8900000, 0x00000000f8900000| Untracked 
| 394|0x00000000f8a00000, 0x00000000f8a00000, 0x00000000f8b00000|  0%| F|  |TAMS 0x00000000f8a00000, 0x00000000f8a00000| Untracked 
| 395|0x00000000f8b00000, 0x00000000f8b00000, 0x00000000f8c00000|  0%| F|  |TAMS 0x00000000f8b00000, 0x00000000f8b00000| Untracked 
| 396|0x00000000f8c00000, 0x00000000f8c00000, 0x00000000f8d00000|  0%| F|  |TAMS 0x00000000f8c00000, 0x00000000f8c00000| Untracked 
| 397|0x00000000f8d00000, 0x00000000f8d00000, 0x00000000f8e00000|  0%| F|  |TAMS 0x00000000f8d00000, 0x00000000f8d00000| Untracked 
| 398|0x00000000f8e00000, 0x00000000f8e00000, 0x00000000f8f00000|  0%| F|  |TAMS 0x00000000f8e00000, 0x00000000f8e00000| Untracked 
| 399|0x00000000f8f00000, 0x00000000f8f00000, 0x00000000f9000000|  0%| F|  |TAMS 0x00000000f8f00000, 0x00000000f8f00000| Untracked 
| 400|0x00000000f9000000, 0x00000000f9000000, 0x00000000f9100000|  0%| F|  |TAMS 0x00000000f9000000, 0x00000000f9000000| Untracked 
| 401|0x00000000f9100000, 0x00000000f9100000, 0x00000000f9200000|  0%| F|  |TAMS 0x00000000f9100000, 0x00000000f9100000| Untracked 
| 402|0x00000000f9200000, 0x00000000f9200000, 0x00000000f9300000|  0%| F|  |TAMS 0x00000000f9200000, 0x00000000f9200000| Untracked 
| 403|0x00000000f9300000, 0x00000000f9300000, 0x00000000f9400000|  0%| F|  |TAMS 0x00000000f9300000, 0x00000000f9300000| Untracked 
| 404|0x00000000f9400000, 0x00000000f9400000, 0x00000000f9500000|  0%| F|  |TAMS 0x00000000f9400000, 0x00000000f9400000| Untracked 
| 405|0x00000000f9500000, 0x00000000f9500000, 0x00000000f9600000|  0%| F|  |TAMS 0x00000000f9500000, 0x00000000f9500000| Untracked 
| 406|0x00000000f9600000, 0x00000000f9600000, 0x00000000f9700000|  0%| F|  |TAMS 0x00000000f9600000, 0x00000000f9600000| Untracked 
| 407|0x00000000f9700000, 0x00000000f9700000, 0x00000000f9800000|  0%| F|  |TAMS 0x00000000f9700000, 0x00000000f9700000| Untracked 
| 408|0x00000000f9800000, 0x00000000f9800000, 0x00000000f9900000|  0%| F|  |TAMS 0x00000000f9800000, 0x00000000f9800000| Untracked 
| 409|0x00000000f9900000, 0x00000000f9900000, 0x00000000f9a00000|  0%| F|  |TAMS 0x00000000f9900000, 0x00000000f9900000| Untracked 
| 410|0x00000000f9a00000, 0x00000000f9a00000, 0x00000000f9b00000|  0%| F|  |TAMS 0x00000000f9a00000, 0x00000000f9a00000| Untracked 
| 411|0x00000000f9b00000, 0x00000000f9b00000, 0x00000000f9c00000|  0%| F|  |TAMS 0x00000000f9b00000, 0x00000000f9b00000| Untracked 
| 412|0x00000000f9c00000, 0x00000000f9c00000, 0x00000000f9d00000|  0%| F|  |TAMS 0x00000000f9c00000, 0x00000000f9c00000| Untracked 
| 413|0x00000000f9d00000, 0x00000000f9d00000, 0x00000000f9e00000|  0%| F|  |TAMS 0x00000000f9d00000, 0x00000000f9d00000| Untracked 
| 414|0x00000000f9e00000, 0x00000000f9e00000, 0x00000000f9f00000|  0%| F|  |TAMS 0x00000000f9e00000, 0x00000000f9e00000| Untracked 
| 415|0x00000000f9f00000, 0x00000000f9f00000, 0x00000000fa000000|  0%| F|  |TAMS 0x00000000f9f00000, 0x00000000f9f00000| Untracked 
| 416|0x00000000fa000000, 0x00000000fa000000, 0x00000000fa100000|  0%| F|  |TAMS 0x00000000fa000000, 0x00000000fa000000| Untracked 
| 417|0x00000000fa100000, 0x00000000fa100000, 0x00000000fa200000|  0%| F|  |TAMS 0x00000000fa100000, 0x00000000fa100000| Untracked 
| 418|0x00000000fa200000, 0x00000000fa200000, 0x00000000fa300000|  0%| F|  |TAMS 0x00000000fa200000, 0x00000000fa200000| Untracked 
| 419|0x00000000fa300000, 0x00000000fa300000, 0x00000000fa400000|  0%| F|  |TAMS 0x00000000fa300000, 0x00000000fa300000| Untracked 
| 420|0x00000000fa400000, 0x00000000fa4286c0, 0x00000000fa500000| 15%| E|  |TAMS 0x00000000fa400000, 0x00000000fa400000| Complete 
| 421|0x00000000fa500000, 0x00000000fa600000, 0x00000000fa600000|100%| E|CS|TAMS 0x00000000fa500000, 0x00000000fa500000| Complete 
| 422|0x00000000fa600000, 0x00000000fa700000, 0x00000000fa700000|100%| E|CS|TAMS 0x00000000fa600000, 0x00000000fa600000| Complete 
| 423|0x00000000fa700000, 0x00000000fa800000, 0x00000000fa800000|100%| E|CS|TAMS 0x00000000fa700000, 0x00000000fa700000| Complete 
| 424|0x00000000fa800000, 0x00000000fa900000, 0x00000000fa900000|100%| E|CS|TAMS 0x00000000fa800000, 0x00000000fa800000| Complete 
| 425|0x00000000fa900000, 0x00000000faa00000, 0x00000000faa00000|100%| E|CS|TAMS 0x00000000fa900000, 0x00000000fa900000| Complete 
| 426|0x00000000faa00000, 0x00000000fab00000, 0x00000000fab00000|100%| E|CS|TAMS 0x00000000faa00000, 0x00000000faa00000| Complete 
| 427|0x00000000fab00000, 0x00000000fac00000, 0x00000000fac00000|100%| E|CS|TAMS 0x00000000fab00000, 0x00000000fab00000| Complete 
| 428|0x00000000fac00000, 0x00000000fad00000, 0x00000000fad00000|100%| E|CS|TAMS 0x00000000fac00000, 0x00000000fac00000| Complete 
| 429|0x00000000fad00000, 0x00000000fae00000, 0x00000000fae00000|100%| E|CS|TAMS 0x00000000fad00000, 0x00000000fad00000| Complete 
| 430|0x00000000fae00000, 0x00000000faf00000, 0x00000000faf00000|100%| E|CS|TAMS 0x00000000fae00000, 0x00000000fae00000| Complete 
| 431|0x00000000faf00000, 0x00000000fb000000, 0x00000000fb000000|100%| E|CS|TAMS 0x00000000faf00000, 0x00000000faf00000| Complete 
| 432|0x00000000fb000000, 0x00000000fb100000, 0x00000000fb100000|100%| E|CS|TAMS 0x00000000fb000000, 0x00000000fb000000| Complete 
| 433|0x00000000fb100000, 0x00000000fb200000, 0x00000000fb200000|100%| E|CS|TAMS 0x00000000fb100000, 0x00000000fb100000| Complete 
| 434|0x00000000fb200000, 0x00000000fb300000, 0x00000000fb300000|100%| E|CS|TAMS 0x00000000fb200000, 0x00000000fb200000| Complete 
| 435|0x00000000fb300000, 0x00000000fb400000, 0x00000000fb400000|100%| E|CS|TAMS 0x00000000fb300000, 0x00000000fb300000| Complete 
| 436|0x00000000fb400000, 0x00000000fb500000, 0x00000000fb500000|100%| E|CS|TAMS 0x00000000fb400000, 0x00000000fb400000| Complete 
| 437|0x00000000fb500000, 0x00000000fb600000, 0x00000000fb600000|100%| E|CS|TAMS 0x00000000fb500000, 0x00000000fb500000| Complete 
| 438|0x00000000fb600000, 0x00000000fb700000, 0x00000000fb700000|100%| E|CS|TAMS 0x00000000fb600000, 0x00000000fb600000| Complete 
| 439|0x00000000fb700000, 0x00000000fb800000, 0x00000000fb800000|100%| E|CS|TAMS 0x00000000fb700000, 0x00000000fb700000| Complete 
| 440|0x00000000fb800000, 0x00000000fb900000, 0x00000000fb900000|100%| E|CS|TAMS 0x00000000fb800000, 0x00000000fb800000| Complete 
| 441|0x00000000fb900000, 0x00000000fba00000, 0x00000000fba00000|100%| E|CS|TAMS 0x00000000fb900000, 0x00000000fb900000| Complete 
| 442|0x00000000fba00000, 0x00000000fbb00000, 0x00000000fbb00000|100%| E|CS|TAMS 0x00000000fba00000, 0x00000000fba00000| Complete 
| 443|0x00000000fbb00000, 0x00000000fbc00000, 0x00000000fbc00000|100%| E|CS|TAMS 0x00000000fbb00000, 0x00000000fbb00000| Complete 
| 444|0x00000000fbc00000, 0x00000000fbd00000, 0x00000000fbd00000|100%| E|CS|TAMS 0x00000000fbc00000, 0x00000000fbc00000| Complete 
| 445|0x00000000fbd00000, 0x00000000fbe00000, 0x00000000fbe00000|100%| E|CS|TAMS 0x00000000fbd00000, 0x00000000fbd00000| Complete 
| 446|0x00000000fbe00000, 0x00000000fbf00000, 0x00000000fbf00000|100%| E|CS|TAMS 0x00000000fbe00000, 0x00000000fbe00000| Complete 
| 447|0x00000000fbf00000, 0x00000000fc000000, 0x00000000fc000000|100%| E|CS|TAMS 0x00000000fbf00000, 0x00000000fbf00000| Complete 
| 448|0x00000000fc000000, 0x00000000fc100000, 0x00000000fc100000|100%| E|CS|TAMS 0x00000000fc000000, 0x00000000fc000000| Complete 
| 449|0x00000000fc100000, 0x00000000fc200000, 0x00000000fc200000|100%| E|CS|TAMS 0x00000000fc100000, 0x00000000fc100000| Complete 
| 450|0x00000000fc200000, 0x00000000fc300000, 0x00000000fc300000|100%| E|CS|TAMS 0x00000000fc200000, 0x00000000fc200000| Complete 
| 451|0x00000000fc300000, 0x00000000fc400000, 0x00000000fc400000|100%| E|CS|TAMS 0x00000000fc300000, 0x00000000fc300000| Complete 
| 452|0x00000000fc400000, 0x00000000fc500000, 0x00000000fc500000|100%| E|CS|TAMS 0x00000000fc400000, 0x00000000fc400000| Complete 
| 453|0x00000000fc500000, 0x00000000fc600000, 0x00000000fc600000|100%| E|CS|TAMS 0x00000000fc500000, 0x00000000fc500000| Complete 
| 454|0x00000000fc600000, 0x00000000fc700000, 0x00000000fc700000|100%| E|CS|TAMS 0x00000000fc600000, 0x00000000fc600000| Complete 
| 455|0x00000000fc700000, 0x00000000fc800000, 0x00000000fc800000|100%| E|CS|TAMS 0x00000000fc700000, 0x00000000fc700000| Complete 
| 456|0x00000000fc800000, 0x00000000fc900000, 0x00000000fc900000|100%| E|CS|TAMS 0x00000000fc800000, 0x00000000fc800000| Complete 
| 457|0x00000000fc900000, 0x00000000fca00000, 0x00000000fca00000|100%| E|CS|TAMS 0x00000000fc900000, 0x00000000fc900000| Complete 

Card table byte_map: [0x0000012ed82c0000,0x0000012ed83c0000] _byte_map_base: 0x0000012ed7bc0000

Marking Bits (Prev, Next): (CMBitMap*) 0x0000012ec09dcac0, (CMBitMap*) 0x0000012ec09dcb00
 Prev Bits: [0x0000012ed84c0000, 0x0000012ed8cc0000)
 Next Bits: [0x0000012ed8cc0000, 0x0000012ed94c0000)

Polling page: 0x0000012ebe500000

Metaspace:

Usage:
  Non-class:     86.65 MB used.
      Class:     12.82 MB used.
       Both:     99.47 MB used.

Virtual space:
  Non-class space:      128.00 MB reserved,      87.38 MB ( 68%) committed,  2 nodes.
      Class space:      320.00 MB reserved,      14.25 MB (  4%) committed,  1 nodes.
             Both:      448.00 MB reserved,     101.62 MB ( 23%) committed. 

Chunk freelists:
   Non-Class:  23.94 MB
       Class:  2.27 MB
        Both:  26.21 MB

MaxMetaspaceSize: 384.00 MB
CompressedClassSpaceSize: 320.00 MB
Initial GC threshold: 21.00 MB
Current GC threshold: 191.19 MB
CDS: on
MetaspaceReclaimPolicy: balanced
 - commit_granule_bytes: 65536.
 - commit_granule_words: 8192.
 - virtual_space_node_default_size: 8388608.
 - enlarge_chunks_in_place: 1.
 - new_chunks_are_fully_committed: 0.
 - uncommit_free_chunks: 1.
 - use_allocation_guard: 0.
 - handle_deallocations: 1.


Internal statistics:

num_allocs_failed_limit: 9.
num_arena_births: 3698.
num_arena_deaths: 1358.
num_vsnodes_births: 3.
num_vsnodes_deaths: 0.
num_space_committed: 2259.
num_space_uncommitted: 633.
num_chunks_returned_to_freelist: 4793.
num_chunks_taken_from_freelist: 11930.
num_chunk_merges: 1226.
num_chunk_splits: 6208.
num_chunks_enlarged: 3607.
num_inconsistent_stats: 0.

CodeHeap 'non-profiled nmethods': size=119168Kb used=30513Kb max_used=30513Kb free=88654Kb
 bounds [0x0000012ed0080000, 0x0000012ed1e50000, 0x0000012ed74e0000]
CodeHeap 'profiled nmethods': size=119104Kb used=42320Kb max_used=43867Kb free=76783Kb
 bounds [0x0000012ec84e0000, 0x0000012ecafd0000, 0x0000012ecf930000]
CodeHeap 'non-nmethods': size=7488Kb used=2462Kb max_used=4256Kb free=5025Kb
 bounds [0x0000012ecf930000, 0x0000012ecfd60000, 0x0000012ed0080000]
 total_blobs=24797 nmethods=23807 adapters=898
 compilation: enabled
              stopped_count=0, restarted_count=0
 full_count=0

Compilation events (20 events):
Event: 10239.984 Thread 0x0000012ef9202350 nmethod 37165 0x0000012ed1e23310 code [0x0000012ed1e23580, 0x0000012ed1e25358]
Event: 10240.004 Thread 0x0000012ef9202350 37166       4       org.gradle.api.internal.project.DefaultProjectStateRegistry$ProjectStateImpl::newCalculatedValue (17 bytes)
Event: 10240.007 Thread 0x0000012ef9202350 nmethod 37166 0x0000012ed1adab10 code [0x0000012ed1adaca0, 0x0000012ed1adb2d8]
Event: 10240.021 Thread 0x0000012edc8a9480 nmethod 37132 0x0000012ed1e26590 code [0x0000012ed1e26c20, 0x0000012ed1e2d8d0]
Event: 10240.059 Thread 0x0000012edc8a9480 37167       4       io.spring.gradle.dependencymanagement.org.apache.maven.model.building.DefaultModelBuilder::build (236 bytes)
Event: 10240.067 Thread 0x0000012ef9202350 37168       4       org.gradle.api.internal.artifacts.configurations.DefaultConfiguration$ConfigurationResolvableDependencies_Decorated$$Lambda$915/0x0000012ede64a910::run (8 bytes)
Event: 10240.068 Thread 0x0000012ef9202350 nmethod 37168 0x0000012ed1ada610 code [0x0000012ed1ada7a0, 0x0000012ed1adaa38]
Event: 10240.068 Thread 0x0000012ef9202350 37169       4       org.gradle.api.internal.artifacts.configurations.DefaultConfiguration$AllArtifactsProvider::<init> (10 bytes)
Event: 10240.069 Thread 0x0000012ef9202350 nmethod 37169 0x0000012ed1ada310 code [0x0000012ed1ada480, 0x0000012ed1ada5b8]
Event: 10240.072 Thread 0x0000012edc8a9480 nmethod 37167 0x0000012ed1e32d90 code [0x0000012ed1e33020, 0x0000012ed1e34330]
Event: 10240.087 Thread 0x0000012edc8a9480 37170       4       org.gradle.api.internal.artifacts.ivyservice.resolutionstrategy.DefaultResolutionStrategy::<init> (25 bytes)
Event: 10240.099 Thread 0x0000012ef9202350 37171       4       org.gradle.internal.service.ServiceRegistryBuilder::provider (14 bytes)
Event: 10240.102 Thread 0x0000012ef9202350 nmethod 37171 0x0000012ed1ad9510 code [0x0000012ed1ad96c0, 0x0000012ed1ad9fd8]
Event: 10240.118 Thread 0x0000012ef9202350 37172   !   4       jdk.internal.reflect.GeneratedMethodAccessor4::invoke (66 bytes)
Event: 10240.119 Thread 0x0000012ef9202350 nmethod 37172 0x0000012ed1ad9010 code [0x0000012ed1ad91a0, 0x0000012ed1ad92f8]
Event: 10240.124 Thread 0x0000012ef9202350 37173       4       org.gradle.api.internal.artifacts.configurations.DefaultConfiguration$ConfigurationResolutionAccess::getPublicView (37 bytes)
Event: 10240.126 Thread 0x0000012ef9202350 nmethod 37173 0x0000012ed1ad8610 code [0x0000012ed1ad87a0, 0x0000012ed1ad8cd8]
Event: 10240.139 Thread 0x0000012edc8a9480 nmethod 37170 0x0000012ed1e35310 code [0x0000012ed1e35700, 0x0000012ed1e3a748]
Event: 10240.147 Thread 0x0000012ef9202350 37174       4       org.gradle.api.internal.artifacts.configurations.DefaultUnlockedConfiguration_Decorated::getAllArtifacts (39 bytes)
Event: 10240.147 Thread 0x0000012edc8a9480 37175  s    4       org.gradle.api.internal.artifacts.configurations.DefaultConfiguration::initAllArtifacts (242 bytes)

GC Heap History (20 events):
Event: 6003.017 GC heap before
{Heap before GC invocations=169 (full 0):
 garbage-first heap   total 431104K, used 342752K [0x00000000e0000000, 0x0000000100000000)
  region size 1024K, 206 young (210944K), 2 survivors (2048K)
 Metaspace       used 100007K, committed 102784K, reserved 458752K
  class space    used 12921K, committed 14592K, reserved 327680K
}
Event: 6003.021 GC heap after
{Heap after GC invocations=170 (full 0):
 garbage-first heap   total 431104K, used 153394K [0x00000000e0000000, 0x0000000100000000)
  region size 1024K, 20 young (20480K), 20 survivors (20480K)
 Metaspace       used 100007K, committed 102784K, reserved 458752K
  class space    used 12921K, committed 14592K, reserved 327680K
}
Event: 6003.512 GC heap before
{Heap before GC invocations=171 (full 0):
 garbage-first heap   total 431104K, used 343858K [0x00000000e0000000, 0x0000000100000000)
  region size 1024K, 205 young (209920K), 20 survivors (20480K)
 Metaspace       used 98986K, committed 102784K, reserved 458752K
  class space    used 12804K, committed 14592K, reserved 327680K
}
Event: 6003.518 GC heap after
{Heap after GC invocations=172 (full 0):
 garbage-first heap   total 431104K, used 167630K [0x00000000e0000000, 0x0000000100000000)
  region size 1024K, 23 young (23552K), 23 survivors (23552K)
 Metaspace       used 98986K, committed 102784K, reserved 458752K
  class space    used 12804K, committed 14592K, reserved 327680K
}
Event: 6003.524 GC heap before
{Heap before GC invocations=172 (full 0):
 garbage-first heap   total 431104K, used 167630K [0x00000000e0000000, 0x0000000100000000)
  region size 1024K, 24 young (24576K), 23 survivors (23552K)
 Metaspace       used 99027K, committed 102784K, reserved 458752K
  class space    used 12809K, committed 14592K, reserved 327680K
}
Event: 6003.529 GC heap after
{Heap after GC invocations=173 (full 0):
 garbage-first heap   total 431104K, used 157247K [0x00000000e0000000, 0x0000000100000000)
  region size 1024K, 2 young (2048K), 2 survivors (2048K)
 Metaspace       used 99027K, committed 102784K, reserved 458752K
  class space    used 12809K, committed 14592K, reserved 327680K
}
Event: 6009.887 GC heap before
{Heap before GC invocations=173 (full 0):
 garbage-first heap   total 431104K, used 334399K [0x00000000e0000000, 0x0000000100000000)
  region size 1024K, 176 young (180224K), 2 survivors (2048K)
 Metaspace       used 100084K, committed 102848K, reserved 458752K
  class space    used 12924K, committed 14592K, reserved 327680K
}
Event: 6009.891 GC heap after
{Heap after GC invocations=174 (full 0):
 garbage-first heap   total 431104K, used 172021K [0x00000000e0000000, 0x0000000100000000)
  region size 1024K, 16 young (16384K), 16 survivors (16384K)
 Metaspace       used 100084K, committed 102848K, reserved 458752K
  class space    used 12924K, committed 14592K, reserved 327680K
}
Event: 6010.426 GC heap before
{Heap before GC invocations=175 (full 0):
 garbage-first heap   total 431104K, used 337909K [0x00000000e0000000, 0x0000000100000000)
  region size 1024K, 178 young (182272K), 16 survivors (16384K)
 Metaspace       used 101496K, committed 103808K, reserved 458752K
  class space    used 13094K, committed 14592K, reserved 327680K
}
Event: 6010.430 GC heap after
{Heap after GC invocations=176 (full 0):
 garbage-first heap   total 431104K, used 188031K [0x00000000e0000000, 0x0000000100000000)
  region size 1024K, 21 young (21504K), 21 survivors (21504K)
 Metaspace       used 101496K, committed 103808K, reserved 458752K
  class space    used 13094K, committed 14592K, reserved 327680K
}
Event: 6010.435 GC heap before
{Heap before GC invocations=176 (full 0):
 garbage-first heap   total 431104K, used 189055K [0x00000000e0000000, 0x0000000100000000)
  region size 1024K, 22 young (22528K), 21 survivors (21504K)
 Metaspace       used 101544K, committed 103808K, reserved 458752K
  class space    used 13099K, committed 14592K, reserved 327680K
}
Event: 6010.441 GC heap after
{Heap after GC invocations=177 (full 0):
 garbage-first heap   total 431104K, used 162991K [0x00000000e0000000, 0x0000000100000000)
  region size 1024K, 2 young (2048K), 2 survivors (2048K)
 Metaspace       used 101544K, committed 103808K, reserved 458752K
  class space    used 13099K, committed 14592K, reserved 327680K
}
Event: 6089.651 GC heap before
{Heap before GC invocations=177 (full 0):
 garbage-first heap   total 431104K, used 330927K [0x00000000e0000000, 0x0000000100000000)
  region size 1024K, 167 young (171008K), 2 survivors (2048K)
 Metaspace       used 101801K, committed 104064K, reserved 458752K
  class space    used 13125K, committed 14592K, reserved 327680K
}
Event: 6089.655 GC heap after
{Heap after GC invocations=178 (full 0):
 garbage-first heap   total 468992K, used 178164K [0x00000000e0000000, 0x0000000100000000)
  region size 1024K, 16 young (16384K), 16 survivors (16384K)
 Metaspace       used 101801K, committed 104064K, reserved 458752K
  class space    used 13125K, committed 14592K, reserved 327680K
}
Event: 6227.653 GC heap before
{Heap before GC invocations=179 (full 0):
 garbage-first heap   total 468992K, used 363508K [0x00000000e0000000, 0x0000000100000000)
  region size 1024K, 200 young (204800K), 16 survivors (16384K)
 Metaspace       used 101832K, committed 104064K, reserved 458752K
  class space    used 13129K, committed 14592K, reserved 327680K
}
Event: 6227.655 GC heap after
{Heap after GC invocations=180 (full 0):
 garbage-first heap   total 468992K, used 167689K [0x00000000e0000000, 0x0000000100000000)
  region size 1024K, 7 young (7168K), 7 survivors (7168K)
 Metaspace       used 101832K, committed 104064K, reserved 458752K
  class space    used 13129K, committed 14592K, reserved 327680K
}
Event: 6954.435 GC heap before
{Heap before GC invocations=180 (full 0):
 garbage-first heap   total 468992K, used 182025K [0x00000000e0000000, 0x0000000100000000)
  region size 1024K, 22 young (22528K), 7 survivors (7168K)
 Metaspace       used 101832K, committed 104064K, reserved 458752K
  class space    used 13129K, committed 14592K, reserved 327680K
}
Event: 6954.438 GC heap after
{Heap after GC invocations=181 (full 0):
 garbage-first heap   total 468992K, used 135572K [0x00000000e0000000, 0x0000000100000000)
  region size 1024K, 1 young (1024K), 1 survivors (1024K)
 Metaspace       used 101832K, committed 104064K, reserved 458752K
  class space    used 13129K, committed 14592K, reserved 327680K
}
Event: 10240.183 GC heap before
{Heap before GC invocations=181 (full 0):
 garbage-first heap   total 468992K, used 366996K [0x00000000e0000000, 0x0000000100000000)
  region size 1024K, 228 young (233472K), 1 survivors (1024K)
 Metaspace       used 101850K, committed 104064K, reserved 458752K
  class space    used 13130K, committed 14592K, reserved 327680K
}
Event: 10240.187 GC heap after
{Heap after GC invocations=182 (full 0):
 garbage-first heap   total 468992K, used 153048K [0x00000000e0000000, 0x0000000100000000)
  region size 1024K, 18 young (18432K), 18 survivors (18432K)
 Metaspace       used 101850K, committed 104064K, reserved 458752K
  class space    used 13130K, committed 14592K, reserved 327680K
}

Dll operation events (16 events):
Event: 0.023 Loaded shared library C:\Users\sh163\.jdks\corretto-17.0.13\bin\java.dll
Event: 0.031 Loaded shared library C:\Users\sh163\.jdks\corretto-17.0.13\bin\jsvml.dll
Event: 0.052 Loaded shared library C:\Users\sh163\.jdks\corretto-17.0.13\bin\zip.dll
Event: 0.055 Loaded shared library C:\Users\sh163\.jdks\corretto-17.0.13\bin\instrument.dll
Event: 0.056 Loaded shared library C:\Users\sh163\.jdks\corretto-17.0.13\bin\net.dll
Event: 0.057 Loaded shared library C:\Users\sh163\.jdks\corretto-17.0.13\bin\nio.dll
Event: 0.074 Loaded shared library C:\Users\sh163\.jdks\corretto-17.0.13\bin\zip.dll
Event: 2.498 Loaded shared library C:\Users\sh163\.jdks\corretto-17.0.13\bin\jimage.dll
Event: 3.995 Loaded shared library C:\Users\sh163\.jdks\corretto-17.0.13\bin\verify.dll
Event: 4.092 Loaded shared library C:\Users\sh163\.gradle\native\1def1411415f61bf3af743bc5b6707747c0891f09f0c88961ee8f79bc544acac\windows-amd64\native-platform.dll
Event: 4.115 Loaded shared library C:\Users\sh163\.gradle\native\0.2.6\x86_64-windows-gnu\gradle-fileevents.dll
Event: 7.413 Loaded shared library C:\Users\sh163\.jdks\corretto-17.0.13\bin\management.dll
Event: 7.414 Loaded shared library C:\Users\sh163\.jdks\corretto-17.0.13\bin\management_ext.dll
Event: 7.549 Loaded shared library C:\Users\sh163\.jdks\corretto-17.0.13\bin\extnet.dll
Event: 7.665 Loaded shared library C:\Users\sh163\.jdks\corretto-17.0.13\bin\sunmscapi.dll
Event: 241.494 Loaded shared library C:\Users\sh163\.jdks\corretto-17.0.13\bin\prefs.dll

Deoptimization events (20 events):
Event: 6090.316 Thread 0x0000012ef9a80350 Uncommon trap: trap_request=0xffffffbe fr.pc=0x0000012ed1de9368 relative=0x0000000000002408
Event: 6090.316 Thread 0x0000012ef9a80350 Uncommon trap: reason=profile_predicate action=maybe_recompile pc=0x0000012ed1de9368 method=org.gradle.api.internal.tasks.compile.incremental.deps.ClassSetAnalysisData$Serializer.write(Lorg/gradle/internal/serialize/Encoder;Lorg/gradle/api/internal/tasks/
Event: 6090.316 Thread 0x0000012ef9a80350 DEOPT PACKING pc=0x0000012ed1de9368 sp=0x00000003f04faa00
Event: 6090.316 Thread 0x0000012ef9a80350 DEOPT UNPACKING pc=0x0000012ecf98a1a3 sp=0x00000003f04faa00 mode 2
Event: 10239.889 Thread 0x0000012ef7307090 Uncommon trap: trap_request=0xffffffbe fr.pc=0x0000012ed0385820 relative=0x0000000000000300
Event: 10239.889 Thread 0x0000012ef7307090 Uncommon trap: reason=profile_predicate action=maybe_recompile pc=0x0000012ed0385820 method=sun.security.provider.HashDrbg.addBytes([BI[[B)V @ 36 c2
Event: 10239.889 Thread 0x0000012ef7307090 DEOPT PACKING pc=0x0000012ed0385820 sp=0x00000003dfbfe580
Event: 10239.890 Thread 0x0000012ef7307090 DEOPT UNPACKING pc=0x0000012ecf98a1a3 sp=0x00000003dfbfe4d0 mode 2
Event: 10239.891 Thread 0x0000012ef7307090 Uncommon trap: trap_request=0xffffffbe fr.pc=0x0000012ed0385820 relative=0x0000000000000300
Event: 10239.891 Thread 0x0000012ef7307090 Uncommon trap: reason=profile_predicate action=maybe_recompile pc=0x0000012ed0385820 method=sun.security.provider.HashDrbg.addBytes([BI[[B)V @ 36 c2
Event: 10239.891 Thread 0x0000012ef7307090 DEOPT PACKING pc=0x0000012ed0385820 sp=0x00000003dfbfe8c0
Event: 10239.891 Thread 0x0000012ef7307090 DEOPT UNPACKING pc=0x0000012ecf98a1a3 sp=0x00000003dfbfe810 mode 2
Event: 10239.896 Thread 0x0000012efa096fd0 Uncommon trap: trap_request=0xffffffbe fr.pc=0x0000012ed0385820 relative=0x0000000000000300
Event: 10239.896 Thread 0x0000012efa096fd0 Uncommon trap: reason=profile_predicate action=maybe_recompile pc=0x0000012ed0385820 method=sun.security.provider.HashDrbg.addBytes([BI[[B)V @ 36 c2
Event: 10239.896 Thread 0x0000012efa096fd0 DEOPT PACKING pc=0x0000012ed0385820 sp=0x00000003deffd980
Event: 10239.896 Thread 0x0000012efa096fd0 DEOPT UNPACKING pc=0x0000012ecf98a1a3 sp=0x00000003deffd8d0 mode 2
Event: 10239.909 Thread 0x0000012efa096fd0 Uncommon trap: trap_request=0xffffffbe fr.pc=0x0000012ed0385820 relative=0x0000000000000300
Event: 10239.909 Thread 0x0000012efa096fd0 Uncommon trap: reason=profile_predicate action=maybe_recompile pc=0x0000012ed0385820 method=sun.security.provider.HashDrbg.addBytes([BI[[B)V @ 36 c2
Event: 10239.909 Thread 0x0000012efa096fd0 DEOPT PACKING pc=0x0000012ed0385820 sp=0x00000003deffcf20
Event: 10239.909 Thread 0x0000012efa096fd0 DEOPT UNPACKING pc=0x0000012ecf98a1a3 sp=0x00000003deffce70 mode 2

Classes loaded (20 events):
Event: 4739.295 Loading class jdk/internal/module/IllegalAccessLogger
Event: 4739.295 Loading class jdk/internal/module/IllegalAccessLogger done
Event: 5139.845 Loading class jdk/internal/module/IllegalAccessLogger
Event: 5139.845 Loading class jdk/internal/module/IllegalAccessLogger done
Event: 5245.591 Loading class jdk/internal/module/IllegalAccessLogger
Event: 5245.591 Loading class jdk/internal/module/IllegalAccessLogger done
Event: 5311.643 Loading class jdk/internal/module/IllegalAccessLogger
Event: 5311.643 Loading class jdk/internal/module/IllegalAccessLogger done
Event: 5686.518 Loading class jdk/internal/module/IllegalAccessLogger
Event: 5686.518 Loading class jdk/internal/module/IllegalAccessLogger done
Event: 5772.165 Loading class jdk/internal/module/IllegalAccessLogger
Event: 5772.165 Loading class jdk/internal/module/IllegalAccessLogger done
Event: 5845.042 Loading class jdk/internal/module/IllegalAccessLogger
Event: 5845.042 Loading class jdk/internal/module/IllegalAccessLogger done
Event: 6003.399 Loading class jdk/internal/module/IllegalAccessLogger
Event: 6003.399 Loading class jdk/internal/module/IllegalAccessLogger done
Event: 6010.205 Loading class jdk/internal/module/IllegalAccessLogger
Event: 6010.205 Loading class jdk/internal/module/IllegalAccessLogger done
Event: 6089.995 Loading class jdk/internal/module/IllegalAccessLogger
Event: 6089.995 Loading class jdk/internal/module/IllegalAccessLogger done

Classes unloaded (20 events):
Event: 6089.680 Thread 0x0000012edca81d00 Unloading class 0x0000012edef06d10 'org/mapstruct/ap/MappingProcessor$$Lambda$3110+0x0000012edef06d10'
Event: 6089.680 Thread 0x0000012edca81d00 Unloading class 0x0000012edef06ac0 'org/mapstruct/ap/MappingProcessor$$Lambda$3109+0x0000012edef06ac0'
Event: 6089.680 Thread 0x0000012edca81d00 Unloading class 0x0000012edef068c8 'org/mapstruct/ap/spi/BuilderProvider'
Event: 6089.680 Thread 0x0000012edca81d00 Unloading class 0x0000012edef066d0 'org/mapstruct/ap/spi/AccessorNamingStrategy'
Event: 6089.680 Thread 0x0000012edca81d00 Unloading class 0x0000012edef06458 'org/mapstruct/ap/internal/util/AnnotationProcessorContext'
Event: 6089.680 Thread 0x0000012edca81d00 Unloading class 0x0000012edef06260 'org/mapstruct/ap/spi/MapStructProcessingEnvironment'
Event: 6089.680 Thread 0x0000012edca81d00 Unloading class 0x0000012edef06000 'org/mapstruct/ap/internal/option/Options'
Event: 6089.680 Thread 0x0000012edca81d00 Unloading class 0x0000012edeed8d40 'lombok/launch/AnnotationProcessorHider$AstModificationNotifierData'
Event: 6089.680 Thread 0x0000012edca81d00 Unloading class 0x0000012edeed8b40 'org/mapstruct/ap/internal/util/Services'
Event: 6089.680 Thread 0x0000012edca81d00 Unloading class 0x0000012edeed8948 'org/mapstruct/ap/spi/AdditionalSupportedOptionsProvider'
Event: 6089.680 Thread 0x0000012edca81d00 Unloading class 0x0000012edeed8750 'org/mapstruct/ap/internal/processor/ModelElementProcessor$ProcessorContext'
Event: 6089.680 Thread 0x0000012edca81d00 Unloading class 0x0000012edeed84f0 'org/mapstruct/ap/spi/TypeHierarchyErroneousException'
Event: 6089.680 Thread 0x0000012edca81d00 Unloading class 0x0000012edeed8280 'org/mapstruct/ap/internal/util/AnnotationProcessingException'
Event: 6089.680 Thread 0x0000012edca81d00 Unloading class 0x0000012edeed8000 'org/mapstruct/ap/MappingProcessor'
Event: 6089.680 Thread 0x0000012edca81d00 Unloading class 0x0000012edef3c498 'lombok/launch/AnnotationProcessorHider$ClaimingProcessor'
Event: 6089.680 Thread 0x0000012edca81d00 Unloading class 0x0000012edef3c218 'lombok/launch/ClassFileMetaData'
Event: 6089.680 Thread 0x0000012edca81d00 Unloading class 0x0000012edef3c000 'lombok/launch/PackageShader'
Event: 6089.680 Thread 0x0000012edca81d00 Unloading class 0x0000012edeca4c80 'lombok/launch/ShadowClassLoader'
Event: 6089.680 Thread 0x0000012edca81d00 Unloading class 0x0000012edeca4a80 'lombok/launch/Main'
Event: 6089.680 Thread 0x0000012edca81d00 Unloading class 0x0000012edeca4800 'lombok/launch/AnnotationProcessorHider$AnnotationProcessor'

Classes redefined (0 events):
No events

Internal exceptions (20 events):
Event: 6089.993 Thread 0x0000012ef9a80350 Exception <a 'sun/nio/fs/WindowsException'{0x00000000f4cb9fb8}> (0x00000000f4cb9fb8) 
thrown [s\src\hotspot\share\prims\jni.cpp, line 516]
Event: 6089.993 Thread 0x0000012ef9a80350 Exception <a 'sun/nio/fs/WindowsException'{0x00000000f4cba1b8}> (0x00000000f4cba1b8) 
thrown [s\src\hotspot\share\prims\jni.cpp, line 516]
Event: 6090.243 Thread 0x0000012ef9a80350 Exception <a 'sun/nio/fs/WindowsException'{0x00000000f2920470}> (0x00000000f2920470) 
thrown [s\src\hotspot\share\prims\jni.cpp, line 516]
Event: 6090.243 Thread 0x0000012ef9a80350 Exception <a 'sun/nio/fs/WindowsException'{0x00000000f2920638}> (0x00000000f2920638) 
thrown [s\src\hotspot\share\prims\jni.cpp, line 516]
Event: 6090.244 Thread 0x0000012ef9a80350 Exception <a 'sun/nio/fs/WindowsException'{0x00000000f29ba768}> (0x00000000f29ba768) 
thrown [s\src\hotspot\share\prims\jni.cpp, line 516]
Event: 6090.244 Thread 0x0000012ef9a80350 Exception <a 'sun/nio/fs/WindowsException'{0x00000000f29ba930}> (0x00000000f29ba930) 
thrown [s\src\hotspot\share\prims\jni.cpp, line 516]
Event: 6090.245 Thread 0x0000012ef9a80350 Exception <a 'sun/nio/fs/WindowsException'{0x00000000f2878e70}> (0x00000000f2878e70) 
thrown [s\src\hotspot\share\prims\jni.cpp, line 516]
Event: 6090.245 Thread 0x0000012ef9a80350 Exception <a 'sun/nio/fs/WindowsException'{0x00000000f2879038}> (0x00000000f2879038) 
thrown [s\src\hotspot\share\prims\jni.cpp, line 516]
Event: 6090.246 Thread 0x0000012ef9a80350 Exception <a 'sun/nio/fs/WindowsException'{0x00000000f27006a0}> (0x00000000f27006a0) 
thrown [s\src\hotspot\share\prims\jni.cpp, line 516]
Event: 6090.246 Thread 0x0000012ef9a80350 Exception <a 'sun/nio/fs/WindowsException'{0x00000000f2700868}> (0x00000000f2700868) 
thrown [s\src\hotspot\share\prims\jni.cpp, line 516]
Event: 6090.248 Thread 0x0000012ef9a80350 Exception <a 'sun/nio/fs/WindowsException'{0x00000000f2601750}> (0x00000000f2601750) 
thrown [s\src\hotspot\share\prims\jni.cpp, line 516]
Event: 6090.249 Thread 0x0000012ef9a80350 Exception <a 'sun/nio/fs/WindowsException'{0x00000000f261af80}> (0x00000000f261af80) 
thrown [s\src\hotspot\share\prims\jni.cpp, line 516]
Event: 6090.250 Thread 0x0000012ef9a80350 Exception <a 'sun/nio/fs/WindowsException'{0x00000000f2632cd8}> (0x00000000f2632cd8) 
thrown [s\src\hotspot\share\prims\jni.cpp, line 516]
Event: 10239.927 Thread 0x0000012efa096fd0 Exception <a 'sun/nio/fs/WindowsException'{0x00000000f8fafd10}> (0x00000000f8fafd10) 
thrown [s\src\hotspot\share\prims\jni.cpp, line 516]
Event: 10239.928 Thread 0x0000012efa096fd0 Exception <a 'sun/nio/fs/WindowsException'{0x00000000f8fb1198}> (0x00000000f8fb1198) 
thrown [s\src\hotspot\share\prims\jni.cpp, line 516]
Event: 10239.928 Thread 0x0000012efa096fd0 Exception <a 'sun/nio/fs/WindowsException'{0x00000000f8fb2620}> (0x00000000f8fb2620) 
thrown [s\src\hotspot\share\prims\jni.cpp, line 516]
Event: 10239.928 Thread 0x0000012efa096fd0 Exception <a 'sun/nio/fs/WindowsException'{0x00000000f8fb3a88}> (0x00000000f8fb3a88) 
thrown [s\src\hotspot\share\prims\jni.cpp, line 516]
Event: 10239.949 Thread 0x0000012efa096fd0 Exception <a 'java/lang/NoClassDefFoundError'{0x00000000f879b1c8}: org/jetbrains/kotlin/gradle/plugin/KotlinPluginWrapper> (0x00000000f879b1c8) 
thrown [s\src\hotspot\share\oops\constantPool.cpp, line 837]
Event: 10239.949 Thread 0x0000012efa096fd0 Exception <a 'java/lang/NoClassDefFoundError'{0x00000000f879d2c0}: org/graalvm/buildtools/gradle/NativeImagePlugin> (0x00000000f879d2c0) 
thrown [s\src\hotspot\share\oops\constantPool.cpp, line 837]
Event: 10239.949 Thread 0x0000012efa096fd0 Exception <a 'java/lang/NoClassDefFoundError'{0x00000000f879f3a8}: org/cyclonedx/gradle/CycloneDxPlugin> (0x00000000f879f3a8) 
thrown [s\src\hotspot\share\oops\constantPool.cpp, line 837]

VM Operations (20 events):
Event: 6089.679 Executing VM operation: G1PauseRemark
Event: 6089.698 Executing VM operation: G1PauseRemark done
Event: 6089.712 Executing VM operation: G1PauseCleanup
Event: 6089.712 Executing VM operation: G1PauseCleanup done
Event: 6089.799 Executing VM operation: HandshakeAllThreads
Event: 6089.800 Executing VM operation: HandshakeAllThreads done
Event: 6090.813 Executing VM operation: Cleanup
Event: 6090.813 Executing VM operation: Cleanup done
Event: 6132.435 Executing VM operation: HandshakeAllThreads
Event: 6132.435 Executing VM operation: HandshakeAllThreads done
Event: 6227.653 Executing VM operation: G1CollectForAllocation
Event: 6227.655 Executing VM operation: G1CollectForAllocation done
Event: 6308.266 Executing VM operation: Cleanup
Event: 6308.266 Executing VM operation: Cleanup done
Event: 6954.435 Executing VM operation: G1CollectForAllocation
Event: 6954.438 Executing VM operation: G1CollectForAllocation done
Event: 10015.588 Executing VM operation: Cleanup
Event: 10015.588 Executing VM operation: Cleanup done
Event: 10240.183 Executing VM operation: G1CollectForAllocation
Event: 10240.187 Executing VM operation: G1CollectForAllocation done

Memory protections (0 events):
No events

Nmethod flushes (20 events):
Event: 6089.817 Thread 0x0000012edc8ac4e0 flushing  nmethod 0x0000012eca13ac10
Event: 6089.817 Thread 0x0000012edc8ac4e0 flushing  nmethod 0x0000012eca1f7910
Event: 6089.817 Thread 0x0000012edc8ac4e0 flushing  nmethod 0x0000012eca20ab90
Event: 6089.818 Thread 0x0000012edc8ac4e0 flushing  nmethod 0x0000012eca2bc590
Event: 6089.818 Thread 0x0000012edc8ac4e0 flushing  nmethod 0x0000012eca305b10
Event: 6089.818 Thread 0x0000012edc8ac4e0 flushing  nmethod 0x0000012eca34ce90
Event: 6089.818 Thread 0x0000012edc8ac4e0 flushing  nmethod 0x0000012eca353910
Event: 6089.818 Thread 0x0000012edc8ac4e0 flushing  nmethod 0x0000012eca4d6090
Event: 6089.818 Thread 0x0000012edc8ac4e0 flushing  nmethod 0x0000012eca534a10
Event: 6089.818 Thread 0x0000012edc8ac4e0 flushing  nmethod 0x0000012eca542b10
Event: 6089.818 Thread 0x0000012edc8ac4e0 flushing  nmethod 0x0000012eca545910
Event: 6089.819 Thread 0x0000012edc8ac4e0 flushing  nmethod 0x0000012eca5ba210
Event: 6089.819 Thread 0x0000012edc8ac4e0 flushing  nmethod 0x0000012eca70ed90
Event: 6089.819 Thread 0x0000012edc8ac4e0 flushing  nmethod 0x0000012eca852f90
Event: 6089.819 Thread 0x0000012edc8ac4e0 flushing  nmethod 0x0000012eca853d90
Event: 6089.819 Thread 0x0000012edc8ac4e0 flushing  nmethod 0x0000012eca854210
Event: 6089.819 Thread 0x0000012edc8ac4e0 flushing  nmethod 0x0000012eca854690
Event: 6089.819 Thread 0x0000012edc8ac4e0 flushing  nmethod 0x0000012eca855490
Event: 6089.819 Thread 0x0000012edc8ac4e0 flushing  nmethod 0x0000012eca859190
Event: 6089.820 Thread 0x0000012edc8ac4e0 flushing  nmethod 0x0000012ecaa44910

Events (20 events):
Event: 10240.153 Thread 0x0000012efa096fd0 Thread added: 0x0000012efa17b880
Event: 10240.154 Thread 0x0000012efa096fd0 Thread added: 0x0000012efa17b370
Event: 10240.156 Thread 0x0000012efa096fd0 Thread added: 0x0000012efa179f30
Event: 10240.159 Thread 0x0000012efa096fd0 Thread added: 0x0000012efa17c2a0
Event: 10240.161 Thread 0x0000012efa096fd0 Thread added: 0x0000012efa17ccc0
Event: 10240.161 Thread 0x0000012efa096fd0 Thread added: 0x0000012efa179a20
Event: 10240.163 Thread 0x0000012efa096fd0 Thread added: 0x0000012efa17ae60
Event: 10240.163 Thread 0x0000012efa096fd0 Thread added: 0x0000012efa179510
Event: 10240.164 Thread 0x0000012efa096fd0 Thread added: 0x0000012efa17fa50
Event: 10240.165 Thread 0x0000012efa096fd0 Thread added: 0x0000012efa180980
Event: 10240.172 Thread 0x0000012efa096fd0 Thread added: 0x0000012efa180470
Event: 10240.175 Thread 0x0000012efa096fd0 Thread added: 0x0000012efa17ff60
Event: 10240.176 Thread 0x0000012efa096fd0 Thread added: 0x0000012efa17d1d0
Event: 10240.177 Thread 0x0000012efa096fd0 Thread added: 0x0000012efa17f030
Event: 10240.178 Thread 0x0000012efa096fd0 Thread added: 0x0000012efa17f540
Event: 10240.180 Thread 0x0000012efa096fd0 Thread added: 0x0000012efa17d6e0
Event: 10240.181 Thread 0x0000012efa096fd0 Thread added: 0x0000012efa17e610
Event: 10240.182 Thread 0x0000012efa096fd0 Thread added: 0x0000012efa17dbf0
Event: 10240.189 Thread 0x0000012efa096fd0 Thread added: 0x0000012efd2d9a30
Event: 10240.191 Thread 0x0000012efa096fd0 Thread added: 0x0000012efa3728d0


Dynamic libraries:
0x00007ff6ba190000 - 0x00007ff6ba19e000 	C:\Users\sh163\.jdks\corretto-17.0.13\bin\java.exe
0x00007ffc74ae0000 - 0x00007ffc74d46000 	C:\WINDOWS\SYSTEM32\ntdll.dll
0x00007ffc738b0000 - 0x00007ffc73979000 	C:\WINDOWS\System32\KERNEL32.DLL
0x00007ffc72220000 - 0x00007ffc725ec000 	C:\WINDOWS\System32\KERNELBASE.dll
0x00007ffc71df0000 - 0x00007ffc71f3b000 	C:\WINDOWS\System32\ucrtbase.dll
0x00007ffc5b8e0000 - 0x00007ffc5b8f7000 	C:\Users\sh163\.jdks\corretto-17.0.13\bin\jli.dll
0x00007ffc5b7e0000 - 0x00007ffc5b7fb000 	C:\Users\sh163\.jdks\corretto-17.0.13\bin\VCRUNTIME140.dll
0x00007ffc728a0000 - 0x00007ffc72a6a000 	C:\WINDOWS\System32\USER32.dll
0x00007ffc5e140000 - 0x00007ffc5e3da000 	C:\WINDOWS\WinSxS\amd64_microsoft.windows.common-controls_6595b64144ccf1df_6.0.26100.3912_none_3e07963ce335137e\COMCTL32.dll
0x00007ffc71ff0000 - 0x00007ffc72017000 	C:\WINDOWS\System32\win32u.dll
0x00007ffc739f0000 - 0x00007ffc73a99000 	C:\WINDOWS\System32\msvcrt.dll
0x00007ffc73dc0000 - 0x00007ffc73deb000 	C:\WINDOWS\System32\GDI32.dll
0x00007ffc72020000 - 0x00007ffc72152000 	C:\WINDOWS\System32\gdi32full.dll
0x00007ffc71f40000 - 0x00007ffc71fe3000 	C:\WINDOWS\System32\msvcp_win.dll
0x00007ffc74370000 - 0x00007ffc743a0000 	C:\WINDOWS\System32\IMM32.DLL
0x00007ffc5b8d0000 - 0x00007ffc5b8dc000 	C:\Users\sh163\.jdks\corretto-17.0.13\bin\vcruntime140_1.dll
0x00007ffc48260000 - 0x00007ffc482ed000 	C:\Users\sh163\.jdks\corretto-17.0.13\bin\msvcp140.dll
0x00007ffbbb890000 - 0x00007ffbbc4fc000 	C:\Users\sh163\.jdks\corretto-17.0.13\bin\server\jvm.dll
0x00007ffc73aa0000 - 0x00007ffc73b52000 	C:\WINDOWS\System32\ADVAPI32.dll
0x00007ffc73e50000 - 0x00007ffc73ef6000 	C:\WINDOWS\System32\sechost.dll
0x00007ffc743b0000 - 0x00007ffc744c6000 	C:\WINDOWS\System32\RPCRT4.dll
0x00007ffc740b0000 - 0x00007ffc74124000 	C:\WINDOWS\System32\WS2_32.dll
0x00007ffc70870000 - 0x00007ffc708ce000 	C:\WINDOWS\SYSTEM32\POWRPROF.dll
0x00007ffc65a90000 - 0x00007ffc65ac6000 	C:\WINDOWS\SYSTEM32\WINMM.dll
0x00007ffc6b040000 - 0x00007ffc6b04b000 	C:\WINDOWS\SYSTEM32\VERSION.dll
0x00007ffc70850000 - 0x00007ffc70864000 	C:\WINDOWS\SYSTEM32\UMPDC.dll
0x00007ffc70b30000 - 0x00007ffc70b4a000 	C:\WINDOWS\SYSTEM32\kernel.appcore.dll
0x00007ffc5b7d0000 - 0x00007ffc5b7da000 	C:\Users\sh163\.jdks\corretto-17.0.13\bin\jimage.dll
0x00007ffc66de0000 - 0x00007ffc67021000 	C:\WINDOWS\SYSTEM32\DBGHELP.DLL
0x00007ffc745c0000 - 0x00007ffc74944000 	C:\WINDOWS\System32\combase.dll
0x00007ffc744d0000 - 0x00007ffc745b0000 	C:\WINDOWS\System32\OLEAUT32.dll
0x00007ffc57fc0000 - 0x00007ffc57ff9000 	C:\WINDOWS\SYSTEM32\dbgcore.DLL
0x00007ffc725f0000 - 0x00007ffc72689000 	C:\WINDOWS\System32\bcryptPrimitives.dll
0x00007ffc5b7c0000 - 0x00007ffc5b7ce000 	C:\Users\sh163\.jdks\corretto-17.0.13\bin\instrument.dll
0x00007ffc4e5d0000 - 0x00007ffc4e5f5000 	C:\Users\sh163\.jdks\corretto-17.0.13\bin\java.dll
0x00007ffc48180000 - 0x00007ffc48257000 	C:\Users\sh163\.jdks\corretto-17.0.13\bin\jsvml.dll
0x00007ffc72a70000 - 0x00007ffc7319d000 	C:\WINDOWS\System32\SHELL32.dll
0x00007ffc72720000 - 0x00007ffc72894000 	C:\WINDOWS\System32\wintypes.dll
0x00007ffc6f8c0000 - 0x00007ffc70116000 	C:\WINDOWS\SYSTEM32\windows.storage.dll
0x00007ffc74970000 - 0x00007ffc74a5f000 	C:\WINDOWS\System32\SHCORE.dll
0x00007ffc73980000 - 0x00007ffc739e9000 	C:\WINDOWS\System32\shlwapi.dll
0x00007ffc71b80000 - 0x00007ffc71baf000 	C:\WINDOWS\SYSTEM32\profapi.dll
0x00007ffc56ff0000 - 0x00007ffc57008000 	C:\Users\sh163\.jdks\corretto-17.0.13\bin\zip.dll
0x00007ffc55dd0000 - 0x00007ffc55de9000 	C:\Users\sh163\.jdks\corretto-17.0.13\bin\net.dll
0x00007ffc6ac30000 - 0x00007ffc6ad4e000 	C:\WINDOWS\SYSTEM32\WINHTTP.dll
0x00007ffc710c0000 - 0x00007ffc7112a000 	C:\WINDOWS\system32\mswsock.dll
0x00007ffc4f940000 - 0x00007ffc4f956000 	C:\Users\sh163\.jdks\corretto-17.0.13\bin\nio.dll
0x00007ffc6d610000 - 0x00007ffc6d620000 	C:\Users\sh163\.jdks\corretto-17.0.13\bin\verify.dll
0x00007ffc5bde0000 - 0x00007ffc5be07000 	C:\Users\sh163\.gradle\native\1def1411415f61bf3af743bc5b6707747c0891f09f0c88961ee8f79bc544acac\windows-amd64\native-platform.dll
0x00007ffc5be50000 - 0x00007ffc5bec8000 	C:\Users\sh163\.gradle\native\0.2.6\x86_64-windows-gnu\gradle-fileevents.dll
0x00007ffc6d600000 - 0x00007ffc6d609000 	C:\Users\sh163\.jdks\corretto-17.0.13\bin\management.dll
0x00007ffc6d5f0000 - 0x00007ffc6d5fb000 	C:\Users\sh163\.jdks\corretto-17.0.13\bin\management_ext.dll
0x00007ffc731a0000 - 0x00007ffc731a8000 	C:\WINDOWS\System32\PSAPI.DLL
0x00007ffc70420000 - 0x00007ffc70453000 	C:\WINDOWS\SYSTEM32\IPHLPAPI.DLL
0x00007ffc73230000 - 0x00007ffc7323a000 	C:\WINDOWS\System32\NSI.dll
0x00007ffc6b050000 - 0x00007ffc6b06f000 	C:\WINDOWS\SYSTEM32\dhcpcsvc6.DLL
0x00007ffc6b000000 - 0x00007ffc6b025000 	C:\WINDOWS\SYSTEM32\dhcpcsvc.DLL
0x00007ffc70580000 - 0x00007ffc706a7000 	C:\WINDOWS\SYSTEM32\DNSAPI.dll
0x00007ffc6d5e0000 - 0x00007ffc6d5e9000 	C:\Users\sh163\.jdks\corretto-17.0.13\bin\extnet.dll
0x00007ffc71360000 - 0x00007ffc7137c000 	C:\WINDOWS\SYSTEM32\CRYPTSP.dll
0x00007ffc70a90000 - 0x00007ffc70aca000 	C:\WINDOWS\system32\rsaenh.dll
0x00007ffc71160000 - 0x00007ffc7118b000 	C:\WINDOWS\SYSTEM32\USERENV.dll
0x00007ffc71b50000 - 0x00007ffc71b76000 	C:\WINDOWS\SYSTEM32\bcrypt.dll
0x00007ffc71380000 - 0x00007ffc7138c000 	C:\WINDOWS\SYSTEM32\CRYPTBASE.dll
0x00007ffc5be40000 - 0x00007ffc5be4e000 	C:\Users\sh163\.jdks\corretto-17.0.13\bin\sunmscapi.dll
0x00007ffc71c70000 - 0x00007ffc71de7000 	C:\WINDOWS\System32\CRYPT32.dll
0x00007ffc71570000 - 0x00007ffc715a0000 	C:\WINDOWS\SYSTEM32\ncrypt.dll
0x00007ffc71520000 - 0x00007ffc7155f000 	C:\WINDOWS\SYSTEM32\NTASN1.dll
0x00007ffc05db0000 - 0x00007ffc05db8000 	C:\WINDOWS\system32\wshunix.dll
0x00007ffc66b10000 - 0x00007ffc66b1b000 	C:\Windows\System32\rasadhlp.dll
0x00007ffc69fb0000 - 0x00007ffc6a036000 	C:\WINDOWS\System32\fwpuclnt.dll
0x00007ffc6ec60000 - 0x00007ffc6ecfe000 	C:\WINDOWS\system32\apphelp.dll
0x00007ffc5be30000 - 0x00007ffc5be39000 	C:\Users\sh163\.jdks\corretto-17.0.13\bin\prefs.dll

dbghelp: loaded successfully - version: 4.0.5 - missing functions: none
symbol engine: initialized successfully - sym options: 0x614 - pdb path: .;C:\Users\sh163\.jdks\corretto-17.0.13\bin;C:\WINDOWS\SYSTEM32;C:\WINDOWS\WinSxS\amd64_microsoft.windows.common-controls_6595b64144ccf1df_6.0.26100.3912_none_3e07963ce335137e;C:\Users\sh163\.jdks\corretto-17.0.13\bin\server;C:\Users\sh163\.gradle\native\1def1411415f61bf3af743bc5b6707747c0891f09f0c88961ee8f79bc544acac\windows-amd64;C:\Users\sh163\.gradle\native\0.2.6\x86_64-windows-gnu

VM Arguments:
jvm_args: --add-opens=java.base/java.lang=ALL-UNNAMED --add-opens=java.base/java.lang.invoke=ALL-UNNAMED --add-opens=java.base/java.util=ALL-UNNAMED --add-opens=java.prefs/java.util.prefs=ALL-UNNAMED --add-exports=jdk.compiler/com.sun.tools.javac.api=ALL-UNNAMED --add-exports=jdk.compiler/com.sun.tools.javac.util=ALL-UNNAMED --add-opens=java.base/java.util=ALL-UNNAMED --add-opens=java.prefs/java.util.prefs=ALL-UNNAMED --add-opens=java.base/java.nio.charset=ALL-UNNAMED --add-opens=java.base/java.net=ALL-UNNAMED --add-opens=java.base/java.util.concurrent.atomic=ALL-UNNAMED --add-opens=java.xml/javax.xml.namespace=ALL-UNNAMED -XX:MaxMetaspaceSize=384m -XX:+HeapDumpOnOutOfMemoryError -Xms256m -Xmx512m -Dfile.encoding=UTF-8 -Duser.country=KR -Duser.language=ko -Duser.variant -javaagent:C:\Users\sh163\.gradle\wrapper\dists\gradle-8.12.1-bin\eumc4uhoysa37zql93vfjkxy0\gradle-8.12.1\lib\agents\gradle-instrumentation-agent-8.12.1.jar 
java_command: org.gradle.launcher.daemon.bootstrap.GradleDaemon 8.12.1
java_class_path (initial): C:\Users\sh163\.gradle\wrapper\dists\gradle-8.12.1-bin\eumc4uhoysa37zql93vfjkxy0\gradle-8.12.1\lib\gradle-daemon-main-8.12.1.jar
Launcher Type: SUN_STANDARD

[Global flags]
     intx CICompilerCount                          = 12                                        {product} {ergonomic}
   size_t CompressedClassSpaceSize                 = 335544320                                 {product} {ergonomic}
     uint ConcGCThreads                            = 5                                         {product} {ergonomic}
     uint G1ConcRefinementThreads                  = 18                                        {product} {ergonomic}
   size_t G1HeapRegionSize                         = 1048576                                   {product} {ergonomic}
    uintx GCDrainStackTargetSize                   = 64                                        {product} {ergonomic}
     bool HeapDumpOnOutOfMemoryError               = true                                   {manageable} {command line}
   size_t InitialHeapSize                          = 268435456                                 {product} {command line}
   size_t MarkStackSize                            = 4194304                                   {product} {ergonomic}
   size_t MaxHeapSize                              = 536870912                                 {product} {command line}
   size_t MaxMetaspaceSize                         = 402653184                                 {product} {command line}
   size_t MaxNewSize                               = 321912832                                 {product} {ergonomic}
   size_t MinHeapDeltaBytes                        = 1048576                                   {product} {ergonomic}
   size_t MinHeapSize                              = 268435456                                 {product} {command line}
    uintx NonNMethodCodeHeapSize                   = 7602480                                {pd product} {ergonomic}
    uintx NonProfiledCodeHeapSize                  = 122027880                              {pd product} {ergonomic}
    uintx ProfiledCodeHeapSize                     = 122027880                              {pd product} {ergonomic}
    uintx ReservedCodeCacheSize                    = 251658240                              {pd product} {ergonomic}
     bool SegmentedCodeCache                       = true                                      {product} {ergonomic}
   size_t SoftMaxHeapSize                          = 536870912                              {manageable} {ergonomic}
     bool UseCompressedClassPointers               = true                           {product lp64_product} {ergonomic}
     bool UseCompressedOops                        = true                           {product lp64_product} {ergonomic}
     bool UseG1GC                                  = true                                      {product} {ergonomic}
     bool UseLargePagesIndividualAllocation        = false                                  {pd product} {ergonomic}

Logging:
Log output configuration:
 #0: stdout all=warning uptime,level,tags
 #1: stderr all=off uptime,level,tags

Environment Variables:
JAVA_HOME=C:\Program Files\Java\jdk-17
PATH=C:\Program Files\Common Files\Oracle\Java\javapath;C:\Program Files (x86)\Common Files\Oracle\Java\java8path;C:\Program Files (x86)\Common Files\Oracle\Java\javapath;C:\WINDOWS\system32;C:\WINDOWS;C:\WINDOWS\System32\Wbem;C:\WINDOWS\System32\WindowsPowerShell\v1.0\;C:\WINDOWS\System32\OpenSSH\;C:\Program Files\Bandizip\;C:\Program Files\dotnet\;C:\Program Files\Git\cmd;C:\Program Files\nodejs\;C:\Program Files\Java\jdk-23\bin;C:\Program Files (x86)\Yarn\bin\;C:\ProgramData\chocolatey\bin;C:\Program Files\Java\jdk-17\bin;C:\tomcat\bin;C:\Program Files\Amazon\AWSCLIV2\;C:\Program Files\Docker\Docker\resources\bin;C:\mingw64\bin;C:\Program Files\MySQL\MySQL Shell 8.0\bin\;C:\Users\sh163\AppData\Local\Programs\Python\Python312\Scripts\;C:\Users\sh163\AppData\Local\Programs\Python\Python312\;C:\Users\sh163\AppData\Local\Programs\Python\Launcher\;C:\Users\sh163\AppData\Local\Microsoft\WindowsApps;C:\Users\sh163\AppData\Local\Programs\Microsoft VS Code\bin;C:\Users\sh163\AppData\Roaming\npm;C:\Users\sh163\AppData\Local\Yarn\bin;C:\Program Files\JetBrains\IntelliJ IDEA 2024.3.1\bin;C:\Program Files\JetBrains\DataGrip 2024.3.4\bin;C:\Users\sh163\AppData\Local\JetBrains\Toolbox\scripts;;%USERPROFILE%\AppData\Local\Microsoft\WindowsApps
USERNAME=sh163
OS=Windows_NT
PROCESSOR_IDENTIFIER=AMD64 Family 25 Model 97 Stepping 2, AuthenticAMD
TMP=C:\Users\sh163\AppData\Local\Temp
TEMP=C:\Users\sh163\AppData\Local\Temp



Periodic native trim disabled


---------------  S Y S T E M  ---------------

OS:
 Windows 11 , 64 bit Build 26100 (10.0.26100.3912)
OS uptime: 0 days 3:59 hours
Hyper-V role detected

CPU: total 24 (initial active 24) (24 cores per cpu, 2 threads per core) family 25 model 97 stepping 2 microcode 0xa601206, cx8, cmov, fxsr, ht, mmx, 3dnowpref, sse, sse2, sse3, ssse3, sse4a, sse4.1, sse4.2, popcnt, lzcnt, tsc, tscinvbit, avx, avx2, aes, erms, clmul, bmi1, bmi2, adx, avx512f, avx512dq, avx512cd, avx512bw, avx512vl, sha, fma, vzeroupper, avx512_vpopcntdq, avx512_vpclmulqdq, avx512_vaes, avx512_vnni, clflush, clflushopt, avx512_vbmi2, avx512_vbmi, hv
Processor Information for all 24 processors :
  Max Mhz: 4701, Current Mhz: 4701, Mhz Limit: 4701

Memory: 4k page, system-wide physical 31849M (11549M free)
TotalPageFile size 41065M (AvailPageFile size 12953M)
current process WorkingSet (physical memory assigned to process): 813M, peak: 826M
current process commit charge ("private bytes"): 908M, peak: 929M

vm_info: OpenJDK 64-Bit Server VM (17.0.13+11-LTS) for windows-amd64 JRE (17.0.13+11-LTS), built on Oct 10 2024 19:51:30 by "Administrator" with MS VC++ 16.10 / 16.11 (VS2019)

END.
